id,fraud_probability,prediction
FR021005,0.112533,0
FR030078,0.252287,0
FR020717,0.219774,0
FR026657,0.142378,0
FR023775,0.12079,0
FR030431,0.28511,0
FR022943,0.107503,0
FR023143,0.076599,0
FR024804,0.081482,0
FR023501,0.183074,0
FR024076,0.169245,0
FR031612,0.357555,0
FR031650,0.340954,0
FR021187,0.136436,0
FR026941,0.708577,1
FR028139,0.087701,0
FR027038,0.23157,0
FR020374,0.059423,0
FR028695,0.660718,1
FR028756,0.182003,0
FR020018,0.18727,0
FR023662,0.443731,0
FR021936,0.212613,0
FR020178,0.372584,0
FR031790,0.113319,0
FR024950,0.126319,0
FR027649,0.307981,0
FR025164,0.179272,0
FR028092,0.57223,1
FR031352,0.136142,0
FR031239,0.325117,0
FR029967,0.448827,0
FR023581,0.032596,0
FR025177,0.128506,0
FR027854,0.492865,0
FR024793,0.894776,1
FR022286,0.293711,0
FR022560,0.412019,0
FR021081,0.195937,0
FR030364,0.096616,0
FR026500,0.219077,0
FR028325,0.164859,0
FR024969,0.630481,1
FR031333,0.247856,0
FR023531,0.056822,0
FR022813,0.134857,0
FR023308,0.122647,0
FR020558,0.181143,0
FR029662,0.084137,0
FR026156,0.259228,0
FR026834,0.132493,0
FR021835,0.194772,0
FR022175,0.150541,0
FR031705,0.204488,0
FR029985,0.094177,0
FR021564,0.446583,0
FR030715,0.218675,0
FR027595,0.245944,0
FR027609,0.084576,0
FR024938,0.228212,0
FR021584,0.216976,0
FR028077,0.105377,0
FR023483,0.14742,0
FR028816,0.870689,1
FR023082,0.072135,0
FR025714,0.0797,0
FR031944,0.270353,0
FR029519,0.113817,0
FR031355,0.084805,0
FR030943,0.433385,0
FR030996,0.297073,0
FR026618,0.163529,0
FR030935,0.119753,0
FR021563,0.311845,0
FR021782,0.234052,0
FR020762,0.240565,0
FR028752,0.197314,0
FR028651,0.20388,0
FR022579,0.310468,0
FR023608,0.021889,0
FR029957,0.362094,0
FR020759,0.461217,0
FR029369,0.255465,0
FR028655,0.116609,0
FR025134,0.147433,0
FR021988,0.228756,0
FR024854,0.107849,0
FR025940,0.710092,1
FR024270,0.412184,0
FR027162,0.119855,0
FR021586,0.208745,0
FR023291,0.1009,0
FR031369,0.098112,0
FR027946,0.264938,0
FR021467,0.110037,0
FR025942,0.398539,0
FR026148,0.365459,0
FR026312,0.157805,0
FR031876,0.280679,0
FR029638,0.530802,0
FR027557,0.242852,0
FR020237,0.180436,0
FR023944,0.104924,0
FR022891,0.114233,0
FR031302,0.202259,0
FR031076,0.210875,0
FR025792,0.161891,0
FR030820,0.099969,0
FR027572,0.303711,0
FR022918,0.443963,0
FR031647,0.60141,1
FR020107,0.205541,0
FR031578,0.103296,0
FR027697,0.268664,0
FR026520,0.174889,0
FR031838,0.61701,1
FR027994,0.157455,0
FR020614,0.352078,0
FR023696,0.259962,0
FR024344,0.574268,1
FR021004,0.223612,0
FR027990,0.122429,0
FR030875,0.246088,0
FR020668,0.272919,0
FR020564,0.61015,1
FR021894,0.031711,0
FR030600,0.148202,0
FR022250,0.160857,0
FR031906,0.180314,0
FR025889,0.380014,0
FR026355,0.130574,0
FR021935,0.098147,0
FR030703,0.341812,0
FR025356,0.105458,0
FR028940,0.150961,0
FR026171,0.122382,0
FR026780,0.436775,0
FR020319,0.177557,0
FR024375,0.406339,0
FR020518,0.235686,0
FR028331,0.200766,0
FR026704,0.167747,0
FR030880,0.017278,0
FR031894,0.16511,0
FR026529,0.226221,0
FR026689,0.177798,0
FR021443,0.804194,1
FR028697,0.310835,0
FR027666,0.181458,0
FR021397,0.276751,0
FR020108,0.185141,0
FR029566,0.038786,0
FR021775,0.120846,0
FR028773,0.758609,1
FR020425,0.265041,0
FR026933,0.219059,0
FR022222,0.249357,0
FR028135,0.305754,0
FR021678,0.093991,0
FR024461,0.09442,0
FR026584,0.141839,0
FR020722,0.093095,0
FR020161,0.150114,0
FR027299,0.423156,0
FR024453,0.599049,1
FR030967,0.420063,0
FR027042,0.134197,0
FR029192,0.473634,0
FR025324,0.266626,0
FR029907,0.503247,0
FR023809,0.327338,0
FR027033,0.263527,0
FR030019,0.079848,0
FR029971,0.104209,0
FR025733,0.760354,1
FR021842,0.2819,0
FR028694,0.376464,0
FR030860,0.210397,0
FR028148,0.172865,0
FR025466,0.12142,0
FR030428,0.35607,0
FR029412,0.259217,0
FR023848,0.074231,0
FR025085,0.206026,0
FR023452,0.215349,0
FR023576,0.141807,0
FR027192,0.187764,0
FR026550,0.650373,1
FR022887,0.439203,0
FR027964,0.098776,0
FR023824,0.123216,0
FR020765,0.266061,0
FR023063,0.396166,0
FR025096,0.143287,0
FR027462,0.165538,0
FR024435,0.186878,0
FR029841,0.337965,0
FR026706,0.21828,0
FR031613,0.215224,0
FR025162,0.120024,0
FR021427,0.072826,0
FR028100,0.087022,0
FR023529,0.196076,0
FR028335,0.369699,0
FR020137,0.223828,0
FR025186,0.324947,0
FR027535,0.3732,0
FR029816,0.288717,0
FR027194,0.128292,0
FR027989,0.086646,0
FR023380,0.128365,0
FR025749,0.205108,0
FR025562,0.140435,0
FR021727,0.085324,0
FR023918,0.234916,0
FR021754,0.138732,0
FR020528,0.575953,1
FR028772,0.110008,0
FR020557,0.136285,0
FR029912,0.310607,0
FR023435,0.30371,0
FR023434,0.314802,0
FR027424,0.315085,0
FR031848,0.181054,0
FR022193,0.154607,0
FR029508,0.145252,0
FR029830,0.610673,1
FR024819,0.210337,0
FR030864,0.223921,0
FR021633,0.086012,0
FR022816,0.035056,0
FR021701,0.056497,0
FR030959,0.278318,0
FR020545,0.139455,0
FR024810,0.154589,0
FR030091,0.098743,0
FR030596,0.064361,0
FR026442,0.216919,0
FR022900,0.15909,0
FR028220,0.785274,1
FR025576,0.172845,0
FR030149,0.197889,0
FR029525,0.229312,0
FR030186,0.348823,0
FR029612,0.146423,0
FR030245,0.170501,0
FR021448,0.187822,0
FR020627,0.164686,0
FR025136,0.128318,0
FR020853,0.120185,0
FR025132,0.382586,0
FR028166,0.037024,0
FR021147,0.100739,0
FR027590,0.172218,0
FR025100,0.309849,0
FR021858,0.116137,0
FR023258,0.077915,0
FR026236,0.13325,0
FR029970,0.179875,0
FR029100,0.190746,0
FR029650,0.114738,0
FR020190,0.345537,0
FR027913,0.102134,0
FR026246,0.151943,0
FR020878,0.090849,0
FR031642,0.30413,0
FR020623,0.209753,0
FR028671,0.247499,0
FR020437,0.330775,0
FR025481,0.224929,0
FR020085,0.256603,0
FR024792,0.58099,1
FR030189,0.073212,0
FR027873,0.075832,0
FR026242,0.144051,0
FR021080,0.385132,0
FR027807,0.180796,0
FR024028,0.146576,0
FR023583,0.562514,1
FR022073,0.04348,0
FR027413,0.270844,0
FR020422,0.179789,0
FR020246,0.106199,0
FR023371,0.44699,0
FR025021,0.060687,0
FR022770,0.285954,0
FR027838,0.824874,1
FR020127,0.114169,0
FR026098,0.081956,0
FR030691,0.199615,0
FR029065,0.233351,0
FR029555,0.131104,0
FR023318,0.245207,0
FR022084,0.06109,0
FR030587,0.11894,0
FR023579,0.169513,0
FR025946,0.097923,0
FR025704,0.204705,0
FR021801,0.146383,0
FR024127,0.241157,0
FR024191,0.144036,0
FR025217,0.226504,0
FR026152,0.091414,0
FR029448,0.158493,0
FR020426,0.026336,0
FR024407,0.377138,0
FR026071,0.405016,0
FR022276,0.299439,0
FR030397,0.145862,0
FR027931,0.355629,0
FR029272,0.250319,0
FR021618,0.264018,0
FR029476,0.300334,0
FR026383,0.555702,1
FR028958,0.201297,0
FR025097,0.286925,0
FR024839,0.057296,0
FR029143,0.119947,0
FR029473,0.143544,0
FR025476,0.119654,0
FR022668,0.170697,0
FR021185,0.256119,0
FR022996,0.053998,0
FR027099,0.457616,0
FR020700,0.230423,0
FR020464,0.913758,1
FR028583,0.201555,0
FR030175,0.166211,0
FR023142,0.185677,0
FR026866,0.070251,0
FR027164,0.351783,0
FR022318,0.151968,0
FR030916,0.254806,0
FR026131,0.337019,0
FR023182,0.208872,0
FR026073,0.172932,0
FR021164,0.114723,0
FR030317,0.231242,0
FR029987,0.206755,0
FR021550,0.087383,0
FR025143,0.185119,0
FR024703,0.441211,0
FR030448,0.142977,0
FR030904,0.057499,0
FR024248,0.275567,0
FR021076,0.082153,0
FR021203,0.181206,0
FR021611,0.330257,0
FR021598,0.161433,0
FR022161,0.246798,0
FR024645,0.247508,0
FR027337,0.295664,0
FR026771,0.198191,0
FR025623,0.138754,0
FR026481,0.908341,1
FR027503,0.330402,0
FR020389,0.170267,0
FR031259,0.10051,0
FR021097,0.417336,0
FR022166,0.529668,0
FR025199,0.236648,0
FR022245,0.257432,0
FR021413,0.213849,0
FR022776,0.081795,0
FR029222,0.154076,0
FR030216,0.134988,0
FR024656,0.39725,0
FR025175,0.494201,0
FR025556,0.453305,0
FR025816,0.177618,0
FR026273,0.119791,0
FR029699,0.128019,0
FR031978,0.202314,0
FR031933,0.39945,0
FR025307,0.053759,0
FR028622,0.175208,0
FR027575,0.353114,0
FR026959,0.140805,0
FR031976,0.079456,0
FR030731,0.124472,0
FR026266,0.140434,0
FR023093,0.24913,0
FR023845,0.509464,0
FR022689,0.096287,0
FR030208,0.354514,0
FR028185,0.184879,0
FR028599,0.211631,0
FR028277,0.165627,0
FR023702,0.23033,0
FR027128,0.09343,0
FR027581,0.183766,0
FR029276,0.346951,0
FR023306,0.15315,0
FR024648,0.082157,0
FR028876,0.529156,0
FR030900,0.173487,0
FR020719,0.217457,0
FR023421,0.239072,0
FR025002,0.14643,0
FR029714,0.198679,0
FR026998,0.211951,0
FR029332,0.229501,0
FR029215,0.169113,0
FR031496,0.10791,0
FR030316,0.148655,0
FR022512,0.354125,0
FR026642,0.061976,0
FR025108,0.316935,0
FR026886,0.342369,0
FR021161,0.030764,0
FR021825,0.184824,0
FR031864,0.287019,0
FR031340,0.175012,0
FR020980,0.108165,0
FR024432,0.046434,0
FR030891,0.164536,0
FR025846,0.053211,0
FR025106,0.326419,0
FR030582,0.344947,0
FR022482,0.204053,0
FR025148,0.274327,0
FR029391,0.142634,0
FR026504,0.274013,0
FR024660,0.211783,0
FR021232,0.279522,0
FR021509,0.156017,0
FR028477,0.020989,0
FR024595,0.306052,0
FR028322,0.148782,0
FR030072,0.238177,0
FR026364,0.437607,0
FR023542,0.156012,0
FR027604,0.236735,0
FR030719,0.092276,0
FR023012,0.092717,0
FR021686,0.219739,0
FR024772,0.115724,0
FR020562,0.224583,0
FR027757,0.320493,0
FR026091,0.066875,0
FR029260,0.071719,0
FR025991,0.369056,0
FR020328,0.272213,0
FR031127,0.126906,0
FR031108,0.317883,0
FR029131,0.451832,0
FR022955,0.155832,0
FR024862,0.246283,0
FR024102,0.342626,0
FR022808,0.218541,0
FR020077,0.094389,0
FR028272,0.247207,0
FR030555,0.687127,1
FR031296,0.144284,0
FR023123,0.074605,0
FR024401,0.049212,0
FR030250,0.280499,0
FR031762,0.301857,0
FR026915,0.0345,0
FR020499,0.140266,0
FR029754,0.327822,0
FR028523,0.562807,1
FR023759,0.258094,0
FR021960,0.071913,0
FR031244,0.178729,0
FR030399,0.23588,0
FR021385,0.173829,0
FR028478,0.111129,0
FR027747,0.358822,0
FR022423,0.131209,0
FR031216,0.311853,0
FR022987,0.115644,0
FR031643,0.130951,0
FR027790,0.387018,0
FR023004,0.586855,1
FR027262,0.196084,0
FR020602,0.218181,0
FR028419,0.089961,0
FR025702,0.195301,0
FR030883,0.266758,0
FR023406,0.602985,1
FR022984,0.2512,0
FR028214,0.146292,0
FR029390,0.287414,0
FR028762,0.115214,0
FR024420,0.196245,0
FR024161,0.182765,0
FR027508,0.28543,0
FR020273,0.297537,0
FR022382,0.326326,0
FR021063,0.273027,0
FR025710,0.282965,0
FR021049,0.156754,0
FR029454,0.107285,0
FR030501,0.116253,0
FR031399,0.380167,0
FR021247,0.286609,0
FR031471,0.077763,0
FR030532,0.178114,0
FR030548,0.043597,0
FR027934,0.572636,1
FR030962,0.209372,0
FR028520,0.208582,0
FR022395,0.312773,0
FR030814,0.101785,0
FR020568,0.131236,0
FR030418,0.159333,0
FR030682,0.303993,0
FR023330,0.211451,0
FR027731,0.130163,0
FR031054,0.121318,0
FR024369,0.222621,0
FR027060,0.195774,0
FR027720,0.251628,0
FR020891,0.059726,0
FR027107,0.254362,0
FR027710,0.177595,0
FR022772,0.16469,0
FR025124,0.098264,0
FR022915,0.086504,0
FR026512,0.92344,1
FR030836,0.215753,0
FR026274,0.364107,0
FR021538,0.884323,1
FR020233,0.194295,0
FR021805,0.142838,0
FR028225,0.313007,0
FR031174,0.216922,0
FR030862,0.277655,0
FR025631,0.174883,0
FR024868,0.357887,0
FR027211,0.336792,0
FR028491,0.30047,0
FR028407,0.297129,0
FR021406,0.525222,0
FR022202,0.154008,0
FR024339,0.174159,0
FR022392,0.215598,0
FR023585,0.077338,0
FR029319,0.146077,0
FR025062,0.053288,0
FR029808,0.145957,0
FR025909,0.153685,0
FR028187,0.180568,0
FR020741,0.46373,0
FR030392,0.073648,0
FR023798,0.204488,0
FR021343,0.412024,0
FR026350,0.266624,0
FR029501,0.216548,0
FR021151,0.275901,0
FR023522,0.111762,0
FR025820,0.086825,0
FR023986,0.250053,0
FR028417,0.367643,0
FR025075,0.284333,0
FR023407,0.137394,0
FR020200,0.21115,0
FR026195,0.090879,0
FR021372,0.157995,0
FR024391,0.28795,0
FR030470,0.196561,0
FR023634,0.125137,0
FR024473,0.285866,0
FR021734,0.062375,0
FR024431,0.174803,0
FR024590,0.345999,0
FR028513,0.370736,0
FR026305,0.364563,0
FR023530,0.303409,0
FR022157,0.049658,0
FR028188,0.257191,0
FR026289,0.047091,0
FR026466,0.208271,0
FR026842,0.075277,0
FR029631,0.093795,0
FR026524,0.080384,0
FR029225,0.460421,0
FR031588,0.205849,0
FR023480,0.18963,0
FR028728,0.233802,0
FR030570,0.271502,0
FR020683,0.346639,0
FR025526,0.262339,0
FR020646,0.661802,1
FR028239,0.161355,0
FR024134,0.098272,0
FR025796,0.119346,0
FR029146,0.325992,0
FR028597,0.255437,0
FR021426,0.142905,0
FR020440,0.353737,0
FR024745,0.120993,0
FR030625,0.126723,0
FR026516,0.446511,0
FR026256,0.11588,0
FR021197,0.247461,0
FR026456,0.285262,0
FR021498,0.084059,0
FR025577,0.109556,0
FR022933,0.796659,1
FR028022,0.283778,0
FR028786,0.091337,0
FR027022,0.330704,0
FR029255,0.091745,0
FR025111,0.421071,0
FR025690,0.166767,0
FR020687,0.062993,0
FR026936,0.881043,1
FR028648,0.278464,0
FR031829,0.172156,0
FR021603,0.292771,0
FR020819,0.167566,0
FR030693,0.192199,0
FR030349,0.220545,0
FR021688,0.328737,0
FR021731,0.074285,0
FR024434,0.288632,0
FR024856,0.160117,0
FR027691,0.304527,0
FR020500,0.275191,0
FR027629,0.711076,1
FR030647,0.110708,0
FR026134,0.124347,0
FR031104,0.137308,0
FR020257,0.320466,0
FR022995,0.262579,0
FR022343,0.355896,0
FR021345,0.258,0
FR028055,0.149183,0
FR022520,0.140747,0
FR029762,0.205451,0
FR029350,0.119666,0
FR031734,0.261624,0
FR021940,0.40177,0
FR025534,0.092185,0
FR025725,0.317972,0
FR030043,0.143119,0
FR020452,0.098896,0
FR023202,0.502242,0
FR026764,0.194002,0
FR027309,0.317095,0
FR028005,0.304676,0
FR030178,0.118906,0
FR024760,0.067315,0
FR026776,0.138675,0
FR028843,0.110522,0
FR020584,0.268045,0
FR021450,0.133062,0
FR031797,0.134969,0
FR028628,0.264474,0
FR021321,0.100601,0
FR031021,0.047625,0
FR020483,0.221552,0
FR021978,0.255714,0
FR023838,0.144455,0
FR025058,0.108847,0
FR025017,0.414933,0
FR026105,0.083362,0
FR022263,0.341193,0
FR022533,0.077532,0
FR021047,0.237735,0
FR020654,0.115936,0
FR028512,0.080897,0
FR025895,0.31226,0
FR029703,0.202373,0
FR024523,0.146943,0
FR028078,0.475984,0
FR025349,0.219399,0
FR027182,0.347263,0
FR029897,0.275013,0
FR030768,0.24383,0
FR028861,0.49504,0
FR021191,0.64555,1
FR021787,0.181887,0
FR022065,0.39014,0
FR023107,0.300148,0
FR027421,0.244889,0
FR024320,0.514765,0
FR024777,0.169896,0
FR027276,0.341668,0
FR031484,0.107596,0
FR030828,0.658799,1
FR023932,0.351213,0
FR021031,0.150283,0
FR026968,0.238971,0
FR027523,0.359884,0
FR027837,0.165044,0
FR029235,0.032933,0
FR028611,0.674298,1
FR026745,0.165085,0
FR022053,0.456104,0
FR028051,0.265135,0
FR031435,0.045205,0
FR031965,0.154807,0
FR020038,0.149882,0
FR029739,0.446031,0
FR021654,0.086116,0
FR024990,0.294008,0
FR024769,0.356758,0
FR030089,0.359578,0
FR023451,0.213158,0
FR030441,0.216326,0
FR026975,0.129443,0
FR030384,0.179809,0
FR026061,0.216339,0
FR029266,0.105013,0
FR029826,0.158223,0
FR027021,0.146388,0
FR021109,0.106513,0
FR029439,0.389698,0
FR021582,0.283884,0
FR020451,0.09364,0
FR027081,0.215893,0
FR024895,0.561254,1
FR024606,0.083894,0
FR027362,0.365454,0
FR031534,0.270729,0
FR029274,0.330898,0
FR021445,0.105995,0
FR022658,0.223584,0
FR025480,0.057303,0
FR022432,0.168265,0
FR029339,0.428929,0
FR024457,0.219285,0
FR030084,0.07461,0
FR024272,0.225255,0
FR024091,0.18991,0
FR029888,0.195814,0
FR021797,0.227724,0
FR029990,0.170274,0
FR031033,0.285681,0
FR022750,0.193114,0
FR023722,0.121087,0
FR023629,0.208468,0
FR031869,0.37105,0
FR022845,0.21946,0
FR025892,0.90302,1
FR023208,0.109678,0
FR027667,0.371682,0
FR022434,0.247425,0
FR029251,0.63487,1
FR028060,0.094712,0
FR023946,0.231918,0
FR027266,0.305837,0
FR031640,0.468229,0
FR029159,0.122634,0
FR022570,0.386082,0
FR025140,0.33435,0
FR026372,0.201494,0
FR021182,0.926004,1
FR023359,0.18787,0
FR029996,0.217369,0
FR024488,0.154768,0
FR029401,0.121425,0
FR029135,0.256287,0
FR029028,0.142948,0
FR020823,0.541922,0
FR023091,0.301905,0
FR022331,0.203356,0
FR020882,0.155337,0
FR028260,0.187619,0
FR028562,0.349952,0
FR023446,0.068203,0
FR027472,0.132874,0
FR031037,0.151199,0
FR024422,0.119026,0
FR024520,0.287061,0
FR030062,0.281305,0
FR022225,0.389752,0
FR026740,0.205174,0
FR021906,0.273672,0
FR031283,0.105727,0
FR020532,0.168937,0
FR021562,0.154625,0
FR028088,0.111917,0
FR022841,0.396911,0
FR031449,0.154988,0
FR027254,0.478822,0
FR024206,0.1379,0
FR023222,0.103258,0
FR025731,0.142371,0
FR030453,0.11158,0
FR027547,0.12558,0
FR021526,0.016086,0
FR026257,0.124262,0
FR022221,0.162088,0
FR021111,0.126296,0
FR026920,0.108773,0
FR027846,0.114372,0
FR024454,0.182395,0
FR031843,0.375147,0
FR026034,0.157851,0
FR029373,0.188916,0
FR029108,0.430047,0
FR031609,0.141679,0
FR031546,0.352326,0
FR031031,0.247188,0
FR020409,0.724703,1
FR023041,0.138093,0
FR021128,0.395665,0
FR026348,0.281195,0
FR031948,0.319504,0
FR027550,0.298947,0
FR025975,0.291784,0
FR021925,0.113386,0
FR030973,0.10988,0
FR031526,0.247314,0
FR029278,0.053156,0
FR028980,0.393119,0
FR031210,0.160843,0
FR025858,0.329795,0
FR027102,0.2807,0
FR020735,0.264338,0
FR024035,0.406732,0
FR028368,0.352298,0
FR026100,0.149451,0
FR026327,0.168775,0
FR020509,0.331538,0
FR029901,0.189744,0
FR031964,0.094043,0
FR020559,0.074275,0
FR020974,0.190925,0
FR020065,0.909028,1
FR026981,0.495743,0
FR021939,0.10294,0
FR021871,0.199998,0
FR021559,0.231675,0
FR028451,0.106463,0
FR024128,0.297232,0
FR020863,0.103974,0
FR023954,0.085271,0
FR022328,0.080561,0
FR027301,0.333473,0
FR020232,0.173443,0
FR021316,0.082596,0
FR021984,0.148477,0
FR021711,0.161631,0
FR024906,0.107996,0
FR021207,0.54312,0
FR024187,0.286943,0
FR023505,0.301606,0
FR027183,0.1017,0
FR031464,0.257562,0
FR024380,0.359239,0
FR031621,0.073369,0
FR024744,0.054249,0
FR021621,0.273649,0
FR027392,0.383156,0
FR027272,0.320809,0
FR026589,0.148894,0
FR026495,0.172068,0
FR021932,0.449611,0
FR024713,0.165879,0
FR026109,0.137719,0
FR029755,0.229226,0
FR031278,0.220578,0
FR027261,0.202547,0
FR027124,0.579458,1
FR027219,0.225448,0
FR031939,0.113007,0
FR020160,0.231464,0
FR023621,0.106882,0
FR028058,0.193238,0
FR027538,0.271322,0
FR028664,0.201861,0
FR028046,0.095507,0
FR025401,0.113029,0
FR024995,0.695761,1
FR023774,0.103991,0
FR020639,0.108119,0
FR020163,0.502154,0
FR026905,0.155902,0
FR022270,0.197209,0
FR023072,0.226988,0
FR023097,0.075659,0
FR027530,0.240754,0
FR030780,0.037968,0
FR026561,0.171835,0
FR020101,0.57897,1
FR031822,0.263231,0
FR022409,0.120031,0
FR027970,0.104949,0
FR025179,0.187515,0
FR025342,0.348702,0
FR030140,0.205769,0
FR031111,0.103549,0
FR024123,0.689405,1
FR020309,0.219135,0
FR023729,0.052119,0
FR022707,0.34275,0
FR024462,0.14753,0
FR024155,0.437505,0
FR022128,0.166403,0
FR020616,0.324386,0
FR030420,0.117415,0
FR027520,0.19277,0
FR021327,0.14439,0
FR022186,0.157615,0
FR023178,0.066173,0
FR021958,0.194222,0
FR025944,0.179664,0
FR024762,0.337838,0
FR027422,0.133623,0
FR025133,0.518544,0
FR028936,0.168436,0
FR027935,0.78387,1
FR029408,0.241475,0
FR023271,0.431853,0
FR031434,0.145846,0
FR021767,0.35383,0
FR023875,0.121678,0
FR023364,0.355087,0
FR027322,0.16469,0
FR029716,0.110086,0
FR025416,0.100914,0
FR020497,0.280124,0
FR025206,0.3267,0
FR020881,0.186671,0
FR026144,0.24024,0
FR025922,0.38233,0
FR029717,0.626389,1
FR030832,0.324009,0
FR030618,0.248423,0
FR025624,0.033308,0
FR028488,0.110145,0
FR020993,0.432071,0
FR025116,0.151685,0
FR021256,0.160543,0
FR023547,0.092994,0
FR026428,0.214897,0
FR024976,0.122292,0
FR026728,0.26162,0
FR030668,0.067998,0
FR025374,0.032699,0
FR030955,0.315257,0
FR026172,0.316231,0
FR027008,0.215387,0
FR029489,0.226919,0
FR021552,0.161504,0
FR024664,0.10858,0
FR031804,0.521864,0
FR020766,0.140311,0
FR030472,0.032608,0
FR021072,0.46162,0
FR030081,0.280254,0
FR028141,0.241429,0
FR027408,0.212801,0
FR020600,0.205622,0
FR026515,0.344805,0
FR022630,0.109871,0
FR023957,0.31405,0
FR025152,0.106147,0
FR031405,0.160341,0
FR021298,0.431966,0
FR031927,0.220523,0
FR026634,0.359699,0
FR029663,0.2788,0
FR025636,0.202079,0
FR021434,0.129519,0
FR021088,0.376954,0
FR027205,0.125785,0
FR020304,0.366187,0
FR022114,0.140683,0
FR020092,0.211181,0
FR028444,0.094443,0
FR026978,0.188482,0
FR027651,0.369267,0
FR026168,0.126877,0
FR025972,0.360474,0
FR026787,0.187415,0
FR020631,0.148655,0
FR031099,0.08227,0
FR030025,0.159559,0
FR020752,0.469953,0
FR027762,0.194973,0
FR020976,0.027588,0
FR029438,0.187546,0
FR030228,0.197244,0
FR031935,0.252038,0
FR020401,0.272953,0
FR028138,0.301449,0
FR029200,0.218054,0
FR030125,0.20293,0
FR030333,0.362731,0
FR031065,0.140697,0
FR026712,0.128879,0
FR020972,0.024864,0
FR020360,0.260328,0
FR024097,0.143738,0
FR029030,0.127481,0
FR031115,0.086303,0
FR028242,0.072641,0
FR028375,0.038135,0
FR021454,0.378005,0
FR028912,0.113796,0
FR028595,0.231062,0
FR024977,0.10758,0
FR030885,0.363753,0
FR027696,0.170691,0
FR022007,0.156448,0
FR029824,0.150134,0
FR028255,0.21561,0
FR029764,0.083991,0
FR027159,0.734233,1
FR030651,0.215255,0
FR022989,0.217069,0
FR024640,0.179476,0
FR027883,0.209656,0
FR029843,0.227358,0
FR029668,0.263494,0
FR022871,0.41383,0
FR025711,0.191244,0
FR024234,0.148156,0
FR024173,0.165521,0
FR031161,0.116944,0
FR023900,0.432356,0
FR023503,0.137643,0
FR022143,0.148269,0
FR031356,0.023526,0
FR031170,0.359604,0
FR022329,0.350091,0
FR020303,0.160366,0
FR025999,0.308357,0
FR023596,0.181688,0
FR022115,0.130621,0
FR022139,0.055532,0
FR022336,0.157259,0
FR021067,0.07128,0
FR023354,0.239064,0
FR022559,0.115855,0
FR029317,0.052318,0
FR021707,0.254567,0
FR029372,0.161821,0
FR021177,0.020492,0
FR029782,0.085492,0
FR030302,0.082499,0
FR023201,0.226319,0
FR021090,0.247473,0
FR031131,0.263488,0
FR025571,0.044414,0
FR022362,0.02953,0
FR028211,0.17582,0
FR021698,0.226332,0
FR023161,0.063967,0
FR025210,0.48939,0
FR030284,0.282579,0
FR021560,0.137108,0
FR026506,0.539044,0
FR022232,0.45049,0
FR025477,0.39616,0
FR028626,0.311569,0
FR028083,0.118896,0
FR024468,0.362565,0
FR020635,0.184414,0
FR029713,0.295688,0
FR030300,0.304165,0
FR028200,0.07757,0
FR029590,0.090735,0
FR027023,0.529966,0
FR028646,0.066096,0
FR021237,0.933279,1
FR029672,0.100775,0
FR024536,0.166162,0
FR030147,0.153708,0
FR030365,0.238609,0
FR020916,0.169649,0
FR031769,0.246416,0
FR027481,0.085365,0
FR027439,0.26346,0
FR030343,0.331868,0
FR025530,0.103783,0
FR024212,0.208962,0
FR029123,0.062013,0
FR023467,0.449434,0
FR030362,0.109027,0
FR021683,0.143139,0
FR031226,0.231173,0
FR028128,0.141639,0
FR031429,0.139634,0
FR029546,0.228321,0
FR026937,0.080793,0
FR031398,0.162853,0
FR028054,0.17333,0
FR023159,0.297627,0
FR021200,0.550025,0
FR024632,0.137703,0
FR030767,0.03386,0
FR024577,0.201838,0
FR028126,0.59697,1
FR027243,0.166995,0
FR031308,0.364142,0
FR028721,0.167028,0
FR023080,0.160726,0
FR023658,0.386799,0
FR029891,0.197379,0
FR022785,0.18872,0
FR022763,0.291162,0
FR024416,0.147763,0
FR021252,0.171889,0
FR025343,0.361453,0
FR021277,0.205662,0
FR029671,0.276694,0
FR024226,0.317169,0
FR020633,0.108847,0
FR027321,0.165483,0
FR029292,0.145549,0
FR021626,0.223885,0
FR031125,0.927302,1
FR026330,0.119758,0
FR027999,0.192755,0
FR028382,0.185055,0
FR029948,0.237857,0
FR022529,0.263493,0
FR020234,0.260694,0
FR022576,0.216876,0
FR023566,0.513318,0
FR031726,0.493783,0
FR030590,0.309217,0
FR028798,0.186632,0
FR021672,0.357485,0
FR029999,0.216893,0
FR029158,0.040922,0
FR028571,0.227187,0
FR023694,0.066878,0
FR026077,0.181523,0
FR026935,0.736525,1
FR026878,0.271521,0
FR021831,0.5011,0
FR027659,0.338294,0
FR023862,0.074721,0
FR020843,0.21731,0
FR030927,0.139722,0
FR025484,0.118924,0
FR029201,0.138904,0
FR020950,0.130649,0
FR024008,0.178596,0
FR024055,0.08156,0
FR030200,0.275118,0
FR026002,0.141134,0
FR029770,0.182553,0
FR027427,0.067227,0
FR025706,0.188188,0
FR030235,0.084272,0
FR025910,0.018338,0
FR025337,0.100236,0
FR021911,0.117751,0
FR027127,0.12317,0
FR028360,0.451843,0
FR023488,0.198926,0
FR020029,0.31794,0
FR023984,0.141873,0
FR026118,0.103381,0
FR029174,0.29563,0
FR030467,0.548881,0
FR029542,0.152145,0
FR020758,0.284561,0
FR025242,0.140797,0
FR025650,0.197868,0
FR030812,0.141227,0
FR027029,0.173868,0
FR023268,0.122024,0
FR021439,0.24337,0
FR021946,0.106031,0
FR031189,0.263407,0
FR022008,0.293519,0
FR022601,0.095539,0
FR023320,0.376797,0
FR028311,0.137792,0
FR020277,0.305081,0
FR029213,0.199365,0
FR026757,0.119358,0
FR021436,0.092215,0
FR022646,0.186497,0
FR025919,0.706972,1
FR025417,0.332059,0
FR020692,0.261693,0
FR021202,0.211683,0
FR022009,0.229152,0
FR022796,0.149221,0
FR024313,0.236248,0
FR020176,0.233544,0
FR020651,0.282338,0
FR025882,0.293692,0
FR030034,0.180602,0
FR028087,0.428204,0
FR020035,0.168684,0
FR026210,0.363859,0
FR023857,0.077711,0
FR021909,0.52478,0
FR025607,0.218186,0
FR030584,0.450737,0
FR025883,0.11094,0
FR030285,0.176817,0
FR022547,0.157564,0
FR023092,0.251759,0
FR025813,0.28578,0
FR031514,0.425864,0
FR026018,0.118026,0
FR028857,0.356413,0
FR021995,0.124389,0
FR025684,0.112755,0
FR020058,0.207683,0
FR022387,0.091009,0
FR021542,0.193617,0
FR030784,0.280265,0
FR028243,0.141125,0
FR023472,0.269777,0
FR021318,0.164557,0
FR031510,0.198132,0
FR021452,0.187275,0
FR031175,0.292469,0
FR021183,0.162709,0
FR030726,0.076123,0
FR021972,0.352333,0
FR024582,0.314147,0
FR023782,0.300663,0
FR020317,0.202184,0
FR020862,0.569017,1
FR024101,0.125233,0
FR024776,0.166179,0
FR027206,0.036604,0
FR024321,0.498409,0
FR031268,0.268504,0
FR031499,0.641689,1
FR020088,0.116497,0
FR021692,0.090445,0
FR021422,0.18307,0
FR021278,0.123507,0
FR022628,0.906047,1
FR022207,0.273989,0
FR031271,0.218161,0
FR020715,0.280469,0
FR031071,0.220478,0
FR030567,0.426394,0
FR030679,0.324163,0
FR023424,0.171372,0
FR026229,0.391614,0
FR026438,0.110046,0
FR023246,0.124627,0
FR023298,0.164859,0
FR020905,0.206149,0
FR028778,0.357994,0
FR026318,0.271,0
FR030876,0.059456,0
FR021512,0.099068,0
FR031877,0.570946,1
FR023490,0.29173,0
FR021478,0.306085,0
FR031810,0.181285,0
FR027354,0.114498,0
FR031697,0.022137,0
FR022525,0.402027,0
FR023266,0.362358,0
FR025639,0.480046,0
FR028067,0.154476,0
FR025524,0.658498,1
FR028774,0.174539,0
FR020352,0.150698,0
FR023356,0.375277,0
FR028696,0.240307,0
FR028681,0.134414,0
FR026424,0.134043,0
FR020188,0.038327,0
FR029516,0.156736,0
FR031938,0.209052,0
FR025069,0.277554,0
FR025492,0.188586,0
FR024068,0.076854,0
FR025555,0.145884,0
FR027451,0.272522,0
FR026604,0.05765,0
FR022078,0.147787,0
FR029801,0.161864,0
FR026819,0.180909,0
FR031708,0.162692,0
FR023322,0.312994,0
FR026476,0.207203,0
FR031886,0.346698,0
FR028613,0.304657,0
FR023476,0.11984,0
FR030757,0.18942,0
FR023598,0.077237,0
FR029581,0.184204,0
FR031358,0.229623,0
FR027494,0.155066,0
FR031235,0.9026,1
FR024869,0.372356,0
FR022254,0.42963,0
FR027482,0.210285,0
FR025966,0.077376,0
FR021306,0.063567,0
FR022028,0.229916,0
FR025464,0.180806,0
FR026790,0.191228,0
FR025167,0.413332,0
FR031273,0.090745,0
FR028004,0.128524,0
FR029074,0.205734,0
FR031619,0.168804,0
FR021065,0.186207,0
FR031310,0.107889,0
FR020316,0.281491,0
FR029462,0.014478,0
FR028406,0.101323,0
FR022886,0.587249,1
FR026848,0.201131,0
FR031136,0.232258,0
FR031117,0.186812,0
FR020259,0.083949,0
FR022654,0.200845,0
FR023170,0.091303,0
FR023562,0.167715,0
FR023018,0.202595,0
FR031571,0.190808,0
FR023175,0.127604,0
FR024841,0.292408,0
FR020888,0.370829,0
FR024541,0.139786,0
FR028155,0.238465,0
FR020089,0.058431,0
FR023361,0.566947,1
FR027123,0.160345,0
FR026671,0.183854,0
FR020893,0.37039,0
FR022197,0.102097,0
FR025644,0.079728,0
FR031524,0.087816,0
FR029906,0.1681,0
FR026810,0.318947,0
FR022517,0.122936,0
FR023908,0.205322,0
FR031539,0.129006,0
FR029280,0.119713,0
FR028396,0.361235,0
FR025728,0.128663,0
FR026473,0.098696,0
FR024940,0.156361,0
FR025719,0.244033,0
FR028108,0.174581,0
FR030804,0.138367,0
FR031272,0.171984,0
FR027674,0.073226,0
FR024471,0.280342,0
FR027352,0.245658,0
FR027683,0.333349,0
FR025247,0.225487,0
FR023415,0.414009,0
FR031017,0.528869,0
FR024175,0.13919,0
FR028777,0.185823,0
FR029216,0.131601,0
FR020153,0.249847,0
FR029518,0.280607,0
FR020326,0.235881,0
FR029202,0.313928,0
FR029533,0.183186,0
FR027044,0.08601,0
FR023683,0.186432,0
FR027580,0.037143,0
FR021170,0.132018,0
FR031793,0.096311,0
FR020245,0.355201,0
FR022077,0.220321,0
FR028621,0.176767,0
FR020970,0.163328,0
FR020201,0.105213,0
FR025848,0.262431,0
FR028579,0.166138,0
FR029734,0.179992,0
FR024103,0.349992,0
FR028279,0.91467,1
FR030603,0.296333,0
FR029781,0.127985,0
FR030238,0.018415,0
FR029523,0.220722,0
FR025957,0.093679,0
FR022627,0.388529,0
FR030421,0.231164,0
FR024669,0.190653,0
FR025455,0.155099,0
FR031487,0.22658,0
FR025516,0.333965,0
FR024956,0.286225,0
FR029304,0.149491,0
FR024602,0.3294,0
FR029616,0.228516,0
FR027415,0.245426,0
FR025358,0.144008,0
FR029230,0.43112,0
FR024301,0.114323,0
FR027372,0.217412,0
FR028296,0.077993,0
FR027269,0.231844,0
FR032000,0.167174,0
FR031676,0.500756,0
FR030613,0.155125,0
FR025519,0.294907,0
FR021872,0.19097,0
FR030646,0.912497,1
FR027614,0.252918,0
FR027923,0.149354,0
FR031652,0.262678,0
FR027455,0.330766,0
FR024702,0.166369,0
FR029379,0.25111,0
FR024507,0.101377,0
FR025682,0.18994,0
FR027487,0.337259,0
FR023672,0.156581,0
FR027343,0.220385,0
FR029977,0.207154,0
FR023461,0.026025,0
FR022025,0.106319,0
FR029325,0.416779,0
FR028436,0.026034,0
FR025118,0.312527,0
FR029642,0.194778,0
FR029333,0.101082,0
FR029819,0.498419,0
FR024059,0.157759,0
FR021299,0.252284,0
FR030538,0.256214,0
FR030042,0.251772,0
FR020313,0.108993,0
FR031707,0.16333,0
FR022936,0.137046,0
FR021265,0.090568,0
FR021918,0.202655,0
FR025834,0.600281,1
FR021016,0.226796,0
FR025544,0.081885,0
FR028717,0.359442,0
FR029173,0.105907,0
FR022854,0.346829,0
FR024572,0.05788,0
FR020856,0.12998,0
FR020073,0.189582,0
FR031091,0.071831,0
FR021886,0.136797,0
FR023863,0.144672,0
FR026126,0.094851,0
FR029011,0.376109,0
FR026016,0.373059,0
FR030382,0.161816,0
FR027933,0.122405,0
FR027730,0.202209,0
FR023211,0.268131,0
FR024575,0.136644,0
FR024946,0.069308,0
FR026645,0.124495,0
FR031247,0.355747,0
FR028930,0.722366,1
FR028820,0.279276,0
FR022307,0.397466,0
FR021553,0.308675,0
FR026390,0.143526,0
FR026127,0.17081,0
FR031911,0.145111,0
FR020760,0.142614,0
FR031150,0.592321,1
FR029918,0.149596,0
FR021038,0.191747,0
FR022614,0.156422,0
FR024239,0.361912,0
FR020920,0.26842,0
FR022671,0.502157,0
FR031799,0.236364,0
FR029951,0.107762,0
FR028892,0.248039,0
FR020306,0.445276,0
FR026976,0.290694,0
FR021506,0.399549,0
FR024251,0.243804,0
FR020100,0.280027,0
FR027176,0.091899,0
FR027070,0.116154,0
FR031775,0.463228,0
FR029579,0.254885,0
FR028973,0.194014,0
FR030551,0.343424,0
FR026859,0.286504,0
FR020282,0.308474,0
FR031795,0.247589,0
FR022013,0.371617,0
FR021848,0.919682,1
FR029326,0.277855,0
FR028173,0.274558,0
FR024873,0.415282,0
FR031171,0.225802,0
FR025423,0.087789,0
FR025331,0.233886,0
FR026308,0.317431,0
FR020962,0.180879,0
FR023642,0.152559,0
FR025444,0.242957,0
FR020268,0.081993,0
FR020915,0.183437,0
FR021335,0.196156,0
FR023489,0.287456,0
FR029568,0.216961,0
FR031254,0.096587,0
FR027290,0.312776,0
FR023806,0.314569,0
FR022882,0.200842,0
FR021828,0.59122,1
FR021670,0.888143,1
FR027779,0.317451,0
FR028476,0.469424,0
FR022373,0.250965,0
FR026610,0.014963,0
FR031849,0.198353,0
FR031547,0.136217,0
FR031841,0.186771,0
FR030819,0.232328,0
FR020167,0.437314,0
FR024365,0.229842,0
FR031821,0.377798,0
FR026542,0.098691,0
FR020550,0.231981,0
FR027682,0.207027,0
FR028509,0.116032,0
FR025950,0.136871,0
FR031763,0.339887,0
FR028016,0.299512,0
FR026272,0.195385,0
FR021324,0.317133,0
FR023762,0.263475,0
FR030917,0.041612,0
FR027506,0.149756,0
FR025553,0.088696,0
FR031590,0.42972,0
FR031110,0.172049,0
FR021163,0.442628,0
FR023314,0.187743,0
FR024829,0.080324,0
FR021416,0.10909,0
FR022591,0.111888,0
FR022710,0.239503,0
FR026045,0.392142,0
FR022616,0.70739,1
FR024892,0.19726,0
FR022076,0.280806,0
FR030429,0.321843,0
FR026983,0.150829,0
FR020405,0.140739,0
FR028000,0.16917,0
FR020808,0.30706,0
FR027470,0.112253,0
FR026402,0.131707,0
FR028754,0.098266,0
FR031511,0.400413,0
FR029018,0.313553,0
FR025267,0.106663,0
FR029564,0.406372,0
FR023324,0.318879,0
FR025461,0.591352,1
FR020037,0.304252,0
FR024807,0.326618,0
FR020830,0.602108,1
FR025300,0.342179,0
FR021720,0.137595,0
FR029393,0.074798,0
FR024254,0.181885,0
FR022024,0.224379,0
FR026487,0.27839,0
FR024611,0.205999,0
FR027082,0.096977,0
FR021879,0.318339,0
FR022228,0.099792,0
FR023315,0.522344,0
FR022060,0.137261,0
FR027721,0.404815,0
FR031360,0.335235,0
FR022952,0.103061,0
FR023349,0.082787,0
FR027875,0.136959,0
FR026801,0.094932,0
FR030350,0.14356,0
FR021757,0.266784,0
FR022516,0.130456,0
FR027059,0.163667,0
FR027965,0.139574,0
FR025601,0.308034,0
FR022618,0.172721,0
FR025856,0.616176,1
FR031973,0.131297,0
FR024963,0.143079,0
FR025319,0.262522,0
FR026684,0.245528,0
FR020404,0.563435,1
FR021681,0.290944,0
FR027606,0.336035,0
FR022212,0.190278,0
FR021955,0.372573,0
FR025924,0.116018,0
FR030634,0.197588,0
FR021384,0.209364,0
FR021575,0.354959,0
FR023766,0.2282,0
FR023887,0.130463,0
FR028782,0.279694,0
FR023282,0.145792,0
FR020560,0.141205,0
FR020890,0.213502,0
FR025063,0.240001,0
FR031015,0.233965,0
FR026731,0.183821,0
FR022930,0.339426,0
FR023403,0.445451,0
FR023877,0.194462,0
FR020795,0.247073,0
FR021766,0.21719,0
FR023251,0.160953,0
FR027011,0.208214,0
FR022365,0.178029,0
FR031250,0.179748,0
FR020979,0.757718,1
FR026839,0.269703,0
FR027727,0.150036,0
FR024539,0.181622,0
FR024412,0.107839,0
FR029095,0.202982,0
FR026076,0.191717,0
FR031490,0.186243,0
FR022897,0.039001,0
FR030424,0.101517,0
FR024494,0.488636,0
FR026755,0.105873,0
FR031357,0.113638,0
FR023443,0.221709,0
FR020155,0.053441,0
FR026994,0.093481,0
FR026220,0.212925,0
FR031731,0.231667,0
FR025265,0.150886,0
FR025997,0.111688,0
FR026627,0.099292,0
FR022832,0.652637,1
FR027633,0.234925,0
FR022823,0.247942,0
FR030912,0.05314,0
FR027296,0.374108,0
FR031962,0.230258,0
FR029681,0.119442,0
FR020708,0.147817,0
FR025974,0.228901,0
FR020495,0.132724,0
FR031563,0.416389,0
FR021597,0.171648,0
FR030225,0.375743,0
FR028327,0.076627,0
FR027775,0.184826,0
FR028567,0.9085,1
FR021546,0.158596,0
FR023370,0.263988,0
FR030993,0.176618,0
FR029004,0.088089,0
FR020679,0.361254,0
FR027126,0.160845,0
FR026721,0.86035,1
FR027552,0.101372,0
FR024809,0.278427,0
FR029376,0.088208,0
FR029142,0.323582,0
FR030294,0.099958,0
FR027950,0.164213,0
FR024399,0.064525,0
FR025287,0.607481,1
FR028734,0.144376,0
FR028810,0.272196,0
FR028821,0.090582,0
FR020479,0.082444,0
FR027135,0.193275,0
FR028374,0.213328,0
FR029694,0.160798,0
FR029822,0.290968,0
FR027064,0.090218,0
FR030539,0.539975,0
FR024316,0.252777,0
FR020209,0.119786,0
FR020084,0.319356,0
FR023684,0.149085,0
FR026186,0.204639,0
FR022535,0.258806,0
FR025852,0.420593,0
FR028900,0.323471,0
FR020223,0.126379,0
FR021994,0.024955,0
FR025776,0.168139,0
FR031187,0.251719,0
FR024928,0.213726,0
FR022715,0.419056,0
FR026821,0.069305,0
FR030612,0.209622,0
FR022493,0.038062,0
FR031365,0.204554,0
FR027327,0.326566,0
FR030905,0.506925,0
FR022602,0.268316,0
FR030581,0.126439,0
FR030213,0.122304,0
FR021198,0.353569,0
FR021230,0.19238,0
FR030834,0.477445,0
FR021026,0.038202,0
FR023060,0.219286,0
FR025272,0.388675,0
FR023896,0.368276,0
FR030901,0.539419,0
FR027109,0.178274,0
FR027469,0.250207,0
FR024413,0.131408,0
FR028627,0.119089,0
FR025127,0.577164,1
FR031074,0.685213,1
FR028804,0.441233,0
FR027932,0.456526,0
FR022289,0.103441,0
FR024849,0.358005,0
FR022416,0.242128,0
FR024395,0.123631,0
FR023902,0.136783,0
FR025870,0.114692,0
FR022071,0.091816,0
FR025683,0.117006,0
FR024056,0.418904,0
FR025541,0.286755,0
FR031326,0.269004,0
FR025551,0.244451,0
FR022754,0.126483,0
FR031005,0.296737,0
FR025326,0.435128,0
FR029415,0.299042,0
FR024877,0.350464,0
FR028038,0.079586,0
FR020772,0.068615,0
FR030484,0.292101,0
FR020713,0.688002,1
FR025093,0.166929,0
FR028899,0.192775,0
FR025285,0.127604,0
FR030003,0.204138,0
FR023402,0.360851,0
FR031845,0.661198,1
FR020619,0.112329,0
FR024089,0.311659,0
FR023456,0.519057,0
FR026574,0.11181,0
FR021205,0.465232,0
FR031963,0.074421,0
FR028169,0.024544,0
FR029075,0.275207,0
FR024202,0.052354,0
FR029449,0.231797,0
FR029823,0.161031,0
FR023734,0.12954,0
FR031164,0.036664,0
FR028371,0.171137,0
FR027707,0.031807,0
FR021017,0.367605,0
FR021587,0.172953,0
FR029183,0.107157,0
FR031900,0.188922,0
FR031518,0.045809,0
FR026163,0.158217,0
FR025298,0.020167,0
FR021337,0.792591,1
FR026239,0.178896,0
FR022766,0.372394,0
FR020938,0.206044,0
FR021390,0.141829,0
FR031553,0.288182,0
FR021556,0.091054,0
FR027359,0.134755,0
FR024705,0.237683,0
FR022253,0.086921,0
FR031086,0.649844,1
FR030435,0.200559,0
FR023795,0.098364,0
FR028955,0.1516,0
FR029902,0.378657,0
FR021938,0.125422,0
FR028797,0.090862,0
FR031051,0.085148,0
FR024811,0.163043,0
FR022187,0.083983,0
FR031004,0.113636,0
FR022342,0.187621,0
FR028727,0.163344,0
FR024084,0.272411,0
FR025802,0.212425,0
FR020620,0.234113,0
FR026405,0.330872,0
FR021330,0.272772,0
FR025249,0.058136,0
FR030179,0.126579,0
FR023389,0.40957,0
FR022775,0.056383,0
FR028137,0.181032,0
FR030688,0.244641,0
FR030643,0.207966,0
FR023670,0.182107,0
FR028519,0.037166,0
FR031063,0.178018,0
FR025390,0.214345,0
FR023919,0.199059,0
FR024111,0.220302,0
FR031203,0.0211,0
FR025827,0.344143,0
FR021844,0.201769,0
FR029340,0.190156,0
FR028254,0.098331,0
FR025448,0.249231,0
FR029576,0.14443,0
FR022644,0.147358,0
FR024537,0.243408,0
FR022931,0.632602,1
FR024712,0.288304,0
FR022852,0.114565,0
FR023154,0.297288,0
FR025592,0.057257,0
FR023938,0.342761,0
FR023820,0.321615,0
FR026612,0.207385,0
FR024269,0.257219,0
FR030460,0.259257,0
FR024489,0.884285,1
FR021407,0.217092,0
FR029504,0.222132,0
FR020465,0.352437,0
FR031249,0.128378,0
FR027184,0.162973,0
FR029584,0.117802,0
FR031479,0.144912,0
FR027419,0.069421,0
FR030920,0.137793,0
FR025043,0.193293,0
FR028616,0.131272,0
FR024006,0.189811,0
FR023903,0.122673,0
FR029113,0.12234,0
FR029565,0.177434,0
FR026742,0.354336,0
FR025913,0.130823,0
FR025798,0.336429,0
FR021215,0.372179,0
FR020388,0.314779,0
FR022768,0.156231,0
FR023768,0.448248,0
FR025874,0.166183,0
FR024547,0.314214,0
FR025583,0.200642,0
FR027226,0.210087,0
FR030941,0.152045,0
FR026912,0.168858,0
FR024082,0.160749,0
FR030353,0.222134,0
FR020837,0.114555,0
FR023051,0.101791,0
FR028514,0.20926,0
FR031784,0.185337,0
FR026687,0.046536,0
FR020124,0.157104,0
FR029983,0.065894,0
FR021092,0.084551,0
FR027671,0.062165,0
FR021699,0.154566,0
FR020289,0.145275,0
FR024359,0.582831,1
FR023890,0.493452,0
FR029088,0.130047,0
FR028268,0.196882,0
FR027832,0.399824,0
FR031635,0.28546,0
FR026448,0.409182,0
FR026114,0.433917,0
FR020332,0.153134,0
FR030325,0.115052,0
FR028623,0.410299,0
FR028974,0.069716,0
FR030580,0.192068,0
FR028191,0.08934,0
FR024319,0.241117,0
FR021104,0.157531,0
FR028150,0.108669,0
FR027549,0.332938,0
FR029661,0.190756,0
FR028249,0.128933,0
FR028003,0.122092,0
FR022418,0.189478,0
FR024448,0.452546,0
FR022453,0.200249,0
FR028604,0.165418,0
FR021632,0.176782,0
FR020081,0.27123,0
FR027175,0.095431,0
FR020534,0.180326,0
FR025984,0.18584,0
FR028570,0.072185,0
FR025001,0.231148,0
FR022611,0.306603,0
FR031085,0.16451,0
FR025638,0.144622,0
FR020103,0.187933,0
FR028932,0.413595,0
FR024686,0.453884,0
FR028266,0.203518,0
FR029702,0.362776,0
FR021833,0.148702,0
FR025061,0.31959,0
FR026680,0.514399,0
FR023679,0.712201,1
FR021617,0.258287,0
FR028246,0.257154,0
FR022123,0.736383,1
FR029297,0.087734,0
FR024094,0.376697,0
FR026490,0.130519,0
FR029674,0.143461,0
FR023892,0.890818,1
FR031709,0.176438,0
FR021591,0.05851,0
FR028602,0.187429,0
FR028737,0.160739,0
FR029577,0.223437,0
FR026750,0.28688,0
FR027062,0.125112,0
FR031335,0.200892,0
FR029871,0.119414,0
FR020650,0.297276,0
FR031321,0.317212,0
FR031155,0.289452,0
FR023162,0.167026,0
FR027540,0.785157,1
FR025157,0.161658,0
FR022951,0.170041,0
FR031907,0.160306,0
FR022058,0.229807,0
FR030760,0.249316,0
FR026323,0.384933,0
FR023195,0.352882,0
FR031114,0.141417,0
FR020601,0.135865,0
FR026729,0.236677,0
FR030088,0.340621,0
FR027165,0.292731,0
FR021917,0.152697,0
FR022959,0.159286,0
FR029147,0.301157,0
FR025230,0.331563,0
FR027785,0.221271,0
FR030176,0.510275,0
FR029349,0.111418,0
FR029900,0.400893,0
FR022472,0.154155,0
FR025245,0.110568,0
FR021313,0.336102,0
FR023993,0.049561,0
FR026517,0.435758,0
FR025634,0.189672,0
FR029875,0.217575,0
FR027412,0.404395,0
FR025676,0.390395,0
FR029191,0.61508,1
FR027432,0.464659,0
FR023228,0.097625,0
FR028197,0.392711,0
FR021444,0.254521,0
FR021355,0.159885,0
FR031680,0.222313,0
FR029287,0.200089,0
FR022366,0.253408,0
FR025095,0.059166,0
FR025790,0.273594,0
FR024879,0.097014,0
FR030794,0.384558,0
FR022446,0.251554,0
FR028192,0.354169,0
FR031693,0.132969,0
FR022239,0.114114,0
FR026769,0.412558,0
FR025597,0.154382,0
FR021826,0.069842,0
FR022066,0.051778,0
FR027930,0.334492,0
FR026439,0.325246,0
FR028880,0.36872,0
FR026576,0.34164,0
FR027051,0.021345,0
FR024271,0.183192,0
FR025373,0.46236,0
FR031138,0.105398,0
FR025842,0.389154,0
FR024293,0.099565,0
FR031094,0.262852,0
FR027759,0.25541,0
FR026299,0.266977,0
FR029530,0.115726,0
FR024506,0.109612,0
FR020272,0.186421,0
FR025781,0.137808,0
FR028758,0.618612,1
FR020999,0.341025,0
FR020953,0.232398,0
FR021303,0.264253,0
FR030766,0.22733,0
FR031182,0.2403,0
FR029498,0.520604,0
FR031678,0.267953,0
FR025348,0.117049,0
FR029051,0.116925,0
FR026926,0.29084,0
FR021136,0.260183,0
FR030630,0.038367,0
FR026949,0.373259,0
FR028603,0.636917,1
FR022456,0.266465,0
FR028226,0.501097,0
FR020629,0.210203,0
FR026225,0.18948,0
FR029447,0.197237,0
FR027869,0.235139,0
FR029037,0.256006,0
FR031453,0.198637,0
FR027534,0.287761,0
FR021479,0.441918,0
FR027267,0.465691,0
FR028447,0.262249,0
FR026285,0.223458,0
FR030495,0.314789,0
FR027636,0.323981,0
FR024739,0.266969,0
FR031451,0.204578,0
FR026989,0.29579,0
FR024584,0.161342,0
FR029313,0.194469,0
FR030393,0.192986,0
FR024349,0.231366,0
FR024176,0.237698,0
FR024726,0.116491,0
FR020362,0.09803,0
FR027348,0.220883,0
FR022152,0.400866,0
FR031266,0.156708,0
FR027897,0.138209,0
FR023888,0.19917,0
FR030650,0.396041,0
FR027917,0.464646,0
FR027375,0.124523,0
FR021042,0.29553,0
FR025666,0.285861,0
FR028792,0.683717,1
FR026493,0.130783,0
FR026929,0.170932,0
FR024029,0.162107,0
FR028710,0.251784,0
FR027210,0.477519,0
FR021386,0.19353,0
FR023994,0.147366,0
FR030708,0.092955,0
FR030425,0.303415,0
FR026765,0.210743,0
FR022585,0.365917,0
FR030697,0.317056,0
FR031376,0.635876,1
FR021175,0.159757,0
FR030168,0.144829,0
FR027364,0.166586,0
FR020907,0.085243,0
FR024828,0.06253,0
FR027558,0.385582,0
FR028025,0.317248,0
FR031024,0.10894,0
FR029231,0.201439,0
FR025701,0.229744,0
FR026875,0.230401,0
FR028672,0.42056,0
FR028033,0.273985,0
FR027952,0.297611,0
FR030984,0.091436,0
FR030297,0.389434,0
FR027849,0.571694,1
FR026617,0.556317,1
FR027694,0.300932,0
FR028237,0.682896,1
FR027585,0.331876,0
FR029148,0.297383,0
FR026719,0.225496,0
FR031452,0.130852,0
FR026270,0.199251,0
FR024838,0.242619,0
FR028834,0.097248,0
FR029647,0.303955,0
FR026945,0.58131,1
FR030255,0.371308,0
FR025970,0.162703,0
FR031200,0.137063,0
FR031912,0.361347,0
FR024644,0.202762,0
FR029925,0.144449,0
FR029844,0.205616,0
FR021959,0.250127,0
FR021208,0.107293,0
FR028659,0.19701,0
FR028184,0.109144,0
FR028711,0.152869,0
FR025022,0.148534,0
FR020611,0.34687,0
FR026871,0.173789,0
FR020984,0.15907,0
FR026086,0.232069,0
FR020166,0.292549,0
FR026971,0.238741,0
FR031941,0.173149,0
FR026196,0.25526,0
FR025469,0.3089,0
FR021371,0.09945,0
FR026681,0.143157,0
FR031575,0.321681,0
FR023293,0.345715,0
FR028722,0.284467,0
FR026006,0.459822,0
FR029712,0.269442,0
FR025945,0.265919,0
FR020225,0.117538,0
FR022048,0.109072,0
FR025123,0.154634,0
FR031715,0.349713,0
FR027565,0.21958,0
FR028615,0.165702,0
FR029821,0.333309,0
FR023309,0.3183,0
FR028428,0.228633,0
FR031737,0.432421,0
FR029145,0.10936,0
FR030563,0.170031,0
FR025754,0.127587,0
FR028175,0.110243,0
FR024275,0.168861,0
FR024654,0.089831,0
FR027672,0.179038,0
FR027093,0.06073,0
FR027116,0.136273,0
FR025236,0.094652,0
FR021107,0.151208,0
FR024658,0.417916,0
FR022334,0.142961,0
FR027960,0.136988,0
FR022613,0.153057,0
FR026302,0.15807,0
FR031587,0.262635,0
FR023269,0.250387,0
FR030455,0.153555,0
FR021387,0.182819,0
FR023390,0.160115,0
FR022732,0.304945,0
FR021749,0.13615,0
FR020274,0.772086,1
FR024659,0.252975,0
FR030031,0.22636,0
FR022896,0.262612,0
FR023967,0.116829,0
FR030890,0.298614,0
FR028956,0.410778,0
FR024764,0.319859,0
FR029657,0.318346,0
FR024768,0.14021,0
FR023155,0.134636,0
FR021643,0.244321,0
FR028743,0.268431,0
FR023556,0.246834,0
FR026910,0.229353,0
FR031032,0.218055,0
FR024397,0.373479,0
FR020734,0.084673,0
FR025787,0.119712,0
FR029195,0.099455,0
FR028770,0.263443,0
FR022269,0.457699,0
FR029953,0.1981,0
FR031389,0.112848,0
FR029125,0.126441,0
FR023551,0.376346,0
FR026717,0.049716,0
FR031224,0.097417,0
FR027016,0.054251,0
FR022198,0.258633,0
FR022880,0.249213,0
FR031719,0.064489,0
FR025317,0.43039,0
FR026391,0.075601,0
FR022460,0.225515,0
FR021814,0.288832,0
FR030606,0.330048,0
FR031489,0.540273,0
FR025545,0.094397,0
FR028875,0.498224,0
FR023675,0.176252,0
FR028281,0.056631,0
FR024578,0.141015,0
FR020841,0.407531,0
FR031001,0.191705,0
FR031043,0.293368,0
FR029177,0.398361,0
FR025102,0.77517,1
FR021019,0.183829,0
FR028474,0.169205,0
FR022821,0.336602,0
FR025508,0.153695,0
FR030749,0.30017,0
FR027416,0.145024,0
FR025389,0.264212,0
FR027919,0.162348,0
FR031937,0.224732,0
FR021977,0.140118,0
FR027643,0.095221,0
FR025657,0.219354,0
FR030753,0.22346,0
FR020334,0.106432,0
FR026948,0.200235,0
FR031674,0.154956,0
FR020080,0.195312,0
FR021667,0.481324,0
FR022091,0.260984,0
FR024981,0.164846,0
FR030120,0.165106,0
FR028906,0.119116,0
FR031669,0.414986,0
FR023779,0.565085,1
FR029399,0.412745,0
FR026264,0.274202,0
FR031675,0.162497,0
FR024587,0.230516,0
FR022974,0.144005,0
FR023444,0.296526,0
FR026844,0.232321,0
FR020131,0.121779,0
FR029270,0.125997,0
FR024241,0.184827,0
FR024522,0.272994,0
FR029093,0.161111,0
FR022954,0.076532,0
FR023468,0.163605,0
FR020689,0.543501,0
FR023226,0.311482,0
FR031093,0.141194,0
FR030372,0.209164,0
FR024107,0.403884,0
FR021083,0.199876,0
FR020283,0.187277,0
FR027345,0.399884,0
FR022730,0.121451,0
FR020028,0.102805,0
FR028333,0.131486,0
FR023237,0.123183,0
FR022230,0.768028,1
FR030802,0.189962,0
FR024979,0.27005,0
FR021214,0.302573,0
FR026161,0.153467,0
FR025955,0.244367,0
FR025074,0.31994,0
FR029976,0.491171,0
FR021549,0.389143,0
FR030475,0.086039,0
FR027926,0.155101,0
FR023705,0.264596,0
FR023153,0.258101,0
FR028779,0.155845,0
FR021174,0.733331,1
FR027615,0.087891,0
FR028802,0.177571,0
FR020503,0.186361,0
FR031263,0.399344,0
FR027356,0.26047,0
FR031485,0.235083,0
FR025517,0.190714,0
FR029019,0.275405,0
FR026382,0.144373,0
FR030074,0.083008,0
FR030354,0.259873,0
FR028568,0.357492,0
FR023921,0.201977,0
FR021246,0.096801,0
FR027286,0.306828,0
FR020252,0.141362,0
FR020302,0.101134,0
FR020898,0.262729,0
FR029193,0.136303,0
FR028228,0.160976,0
FR031892,0.144145,0
FR026643,0.089637,0
FR030295,0.057459,0
FR026815,0.152904,0
FR031752,0.13187,0
FR025761,0.243734,0
FR025596,0.160229,0
FR029869,0.207061,0
FR029783,0.451068,0
FR029748,0.196461,0
FR023133,0.264371,0
FR024983,0.226567,0
FR027564,0.137161,0
FR029634,0.244884,0
FR029632,0.1086,0
FR023479,0.361766,0
FR023075,0.730051,1
FR022236,0.28258,0
FR026111,0.181222,0
FR026025,0.267331,0
FR027543,0.156097,0
FR028593,0.373915,0
FR027524,0.434961,0
FR030209,0.47517,0
FR024205,0.478001,0
FR027131,0.738663,1
FR020546,0.250872,0
FR028896,0.19273,0
FR020045,0.183549,0
FR021642,0.110874,0
FR029152,0.453311,0
FR023150,0.421051,0
FR024196,0.251615,0
FR029283,0.165222,0
FR030155,0.230857,0
FR031903,0.23649,0
FR029150,0.216323,0
FR028503,0.333006,0
FR021704,0.165665,0
FR022621,0.106357,0
FR022866,0.345344,0
FR027899,0.144501,0
FR026883,0.560532,1
FR030322,0.031078,0
FR025273,0.229969,0
FR025281,0.100042,0
FR027596,0.205161,0
FR021070,0.05831,0
FR024086,0.144903,0
FR028842,0.308489,0
FR028883,0.257775,0
FR023915,0.155113,0
FR030336,0.25299,0
FR025297,0.218056,0
FR020186,0.3128,0
FR023047,0.21513,0
FR023545,0.265883,0
FR023977,0.217576,0
FR021006,0.027119,0
FR031532,0.135872,0
FR024521,0.333232,0
FR029916,0.209454,0
FR023245,0.24238,0
FR029026,0.215674,0
FR029472,0.153522,0
FR024552,0.096408,0
FR029285,0.146554,0
FR023736,0.224495,0
FR023654,0.146579,0
FR024302,0.34322,0
FR025491,0.133299,0
FR024770,0.155941,0
FR023664,0.245191,0
FR026019,0.135589,0
FR021020,0.147381,0
FR021650,0.16052,0
FR029601,0.207381,0
FR020776,0.214026,0
FR024613,0.329326,0
FR031949,0.379606,0
FR027100,0.539974,0
FR025730,0.182605,0
FR024032,0.924313,1
FR024532,0.353416,0
FR020395,0.043726,0
FR030346,0.255177,0
FR020986,0.812847,1
FR027141,0.309546,0
FR021440,0.275311,0
FR027853,0.240713,0
FR028086,0.244689,0
FR031922,0.200902,0
FR026165,0.163896,0
FR024872,0.155487,0
FR030452,0.275899,0
FR028241,0.152365,0
FR027968,0.075538,0
FR030669,0.180783,0
FR020396,0.092274,0
FR030899,0.265555,0
FR031765,0.138852,0
FR022554,0.179763,0
FR022085,0.173037,0
FR028977,0.146788,0
FR021349,0.4257,0
FR027991,0.223751,0
FR022799,0.238631,0
FR030575,0.118333,0
FR029600,0.134446,0
FR031699,0.307979,0
FR020827,0.190935,0
FR022069,0.097866,0
FR029298,0.239563,0
FR025540,0.374292,0
FR026581,0.52938,0
FR027444,0.438457,0
FR024315,0.118816,0
FR030121,0.071169,0
FR020165,0.236349,0
FR030662,0.195103,0
FR030506,0.036521,0
FR025803,0.096435,0
FR027294,0.081605,0
FR024162,0.049246,0
FR030321,0.18101,0
FR026533,0.152894,0
FR023979,0.173402,0
FR030157,0.091353,0
FR029919,0.185721,0
FR027804,0.232263,0
FR022314,0.199457,0
FR030239,0.17077,0
FR020344,0.12964,0
FR024421,0.12587,0
FR029836,0.185622,0
FR026204,0.223185,0
FR029001,0.30615,0
FR024671,0.038486,0
FR025521,0.129498,0
FR023727,0.380696,0
FR031995,0.344775,0
FR025070,0.254031,0
FR020960,0.065951,0
FR023348,0.238707,0
FR029204,0.205917,0
FR028209,0.156931,0
FR024297,0.268986,0
FR030422,0.077661,0
FR030221,0.215358,0
FR030639,0.130615,0
FR027303,0.182226,0
FR024725,0.269422,0
FR021980,0.031228,0
FR028972,0.13477,0
FR030197,0.08002,0
FR031580,0.137975,0
FR029589,0.25975,0
FR023841,0.209824,0
FR021637,0.138236,0
FR031183,0.172738,0
FR021055,0.433427,0
FR024504,0.114286,0
FR029905,0.102569,0
FR027850,0.112173,0
FR029561,0.155432,0
FR024069,0.130191,0
FR021966,0.154463,0
FR020512,0.183275,0
FR026799,0.316932,0
FR026300,0.158408,0
FR029849,0.153231,0
FR026924,0.105709,0
FR029520,0.276821,0
FR027911,0.065819,0
FR022655,0.33372,0
FR027905,0.516712,0
FR031293,0.270252,0
FR024970,0.095509,0
FR020517,0.163131,0
FR029635,0.115074,0
FR029757,0.126872,0
FR031228,0.22956,0
FR028985,0.103098,0
FR029024,0.264711,0
FR021421,0.124003,0
FR029524,0.166576,0
FR029356,0.6956,1
FR027635,0.295764,0
FR029423,0.153684,0
FR030338,0.12947,0
FR020293,0.017326,0
FR027001,0.284159,0
FR026041,0.146801,0
FR021941,0.19964,0
FR031406,0.322186,0
FR029877,0.149883,0
FR020595,0.195866,0
FR023614,0.273663,0
FR024716,0.129429,0
FR030863,0.56066,1
FR030747,0.136141,0
FR031759,0.165667,0
FR022824,0.200664,0
FR026494,0.311322,0
FR024567,0.079638,0
FR023897,0.241924,0
FR027622,0.116075,0
FR023837,0.193277,0
FR022248,0.171423,0
FR029834,0.143588,0
FR021418,0.044003,0
FR027751,0.194833,0
FR026800,0.272605,0
FR023066,0.283359,0
FR028553,0.409453,0
FR028521,0.181391,0
FR027300,0.104599,0
FR027067,0.203959,0
FR026661,0.102228,0
FR025131,0.102168,0
FR029854,0.115757,0
FR022675,0.094948,0
FR030040,0.150011,0
FR030180,0.328023,0
FR030170,0.129306,0
FR024822,0.353052,0
FR024280,0.328527,0
FR020590,0.113836,0
FR026292,0.055288,0
FR031815,0.193928,0
FR023693,0.137108,0
FR027454,0.022945,0
FR023925,0.223741,0
FR031767,0.238338,0
FR026922,0.544318,0
FR022537,0.217691,0
FR021638,0.125555,0
FR024679,0.391248,0
FR028584,0.513818,0
FR027872,0.257943,0
FR021653,0.181721,0
FR025341,0.318851,0
FR031184,0.257843,0
FR022481,0.262596,0
FR022965,0.11535,0
FR023115,0.094078,0
FR026201,0.338693,0
FR030454,0.361608,0
FR031684,0.142285,0
FR031430,0.284614,0
FR026823,0.142937,0
FR026427,0.401326,0
FR029549,0.089482,0
FR020094,0.140906,0
FR025258,0.236637,0
FR026489,0.318191,0
FR020457,0.0815,0
FR026320,0.458622,0
FR023834,0.224827,0
FR022999,0.018648,0
FR028140,0.103899,0
FR021030,0.40452,0
FR030888,0.135361,0
FR020574,0.362153,0
FR031096,0.597202,1
FR025778,0.24938,0
FR027971,0.212627,0
FR021802,0.569564,1
FR030611,0.085933,0
FR027680,0.337631,0
FR025353,0.415574,0
FR030633,0.119479,0
FR021758,0.768214,1
FR026852,0.910038,1
FR020908,0.099299,0
FR025854,0.561205,1
FR031565,0.243451,0
FR028540,0.251541,0
FR024045,0.148043,0
FR031792,0.187914,0
FR024308,0.109814,0
FR031661,0.173697,0
FR030340,0.10746,0
FR020831,0.176194,0
FR023481,0.20379,0
FR029023,0.206097,0
FR030388,0.247584,0
FR025170,0.164122,0
FR025686,0.111479,0
FR030334,0.110929,0
FR031019,0.44254,0
FR028198,0.109459,0
FR027582,0.436282,0
FR025720,0.387288,0
FR028295,0.145505,0
FR022947,0.355479,0
FR026961,0.104145,0
FR026813,0.675012,1
FR031018,0.166615,0
FR030564,0.245168,0
FR026860,0.131039,0
FR028376,0.165421,0
FR024267,0.210273,0
FR021644,0.203426,0
FR028326,0.438856,0
FR022908,0.118044,0
FR028035,0.459193,0
FR022302,0.360745,0
FR021000,0.087696,0
FR025107,0.241702,0
FR024090,0.102498,0
FR030845,0.15075,0
FR026162,0.110557,0
FR023057,0.158147,0
FR029189,0.278288,0
FR022200,0.181564,0
FR028508,0.170939,0
FR022149,0.19918,0
FR030727,0.102572,0
FR023210,0.10536,0
FR024485,0.34627,0
FR027878,0.205572,0
FR031507,0.133643,0
FR023692,0.274102,0
FR022742,0.252253,0
FR031152,0.046595,0
FR031153,0.349518,0
FR024456,0.343191,0
FR029232,0.044717,0
FR030743,0.43718,0
FR021420,0.325479,0
FR022111,0.087899,0
FR020849,0.208975,0
FR023618,0.423748,0
FR022541,0.195886,0
FR030566,0.096724,0
FR026916,0.200988,0
FR028158,0.068737,0
FR030361,0.373037,0
FR030439,0.133578,0
FR026193,0.116969,0
FR021272,0.178899,0
FR021881,0.21256,0
FR031080,0.069608,0
FR028643,0.154572,0
FR028995,0.486161,0
FR028633,0.386079,0
FR028367,0.646738,1
FR023631,0.053527,0
FR028101,0.297824,0
FR021009,0.570346,1
FR024486,0.165837,0
FR022208,0.277674,0
FR021615,0.125135,0
FR026362,0.46481,0
FR027959,0.19677,0
FR026232,0.482905,0
FR022144,0.178873,0
FR022255,0.126674,0
FR025670,0.628832,1
FR030306,0.518021,0
FR022975,0.203378,0
FR030185,0.230262,0
FR030517,0.381535,0
FR024157,0.356292,0
FR024511,0.089512,0
FR027166,0.249571,0
FR031316,0.251679,0
FR030879,0.10376,0
FR022394,0.159561,0
FR031084,0.130292,0
FR026328,0.165784,0
FR026462,0.219926,0
FR030374,0.636329,1
FR030527,0.174274,0
FR021008,0.358202,0
FR028979,0.420955,0
FR029540,0.075489,0
FR026894,0.141355,0
FR027642,0.164327,0
FR024043,0.677506,1
FR027593,0.099322,0
FR023166,0.246353,0
FR023534,0.215784,0
FR022790,0.289809,0
FR021874,0.266532,0
FR028089,0.473732,0
FR028976,0.082738,0
FR023331,0.708047,1
FR029015,0.19699,0
FR022505,0.074393,0
FR030358,0.317099,0
FR025748,0.075992,0
FR030093,0.235293,0
FR022020,0.182414,0
FR030939,0.105896,0
FR028068,0.225895,0
FR022837,0.172295,0
FR027428,0.182445,0
FR031732,0.321948,0
FR030465,0.268371,0
FR023394,0.190728,0
FR031630,0.233014,0
FR027072,0.186992,0
FR027233,0.178858,0
FR022215,0.086939,0
FR024430,0.092172,0
FR023886,0.023089,0
FR020927,0.309373,0
FR024860,0.103139,0
FR023191,0.26902,0
FR031242,0.36246,0
FR021968,0.116218,0
FR024026,0.123098,0
FR029599,0.262151,0
FR024972,0.434948,0
FR025072,0.437742,0
FR024949,0.140689,0
FR028606,0.451432,0
FR027949,0.597854,1
FR023399,0.080529,0
FR029040,0.166678,0
FR030699,0.742158,1
FR020181,0.19673,0
FR028037,0.299711,0
FR022681,0.023192,0
FR026973,0.06935,0
FR027429,0.056674,0
FR028223,0.203983,0
FR030194,0.267186,0
FR026451,0.109883,0
FR027406,0.188141,0
FR026130,0.306042,0
FR029499,0.169266,0
FR028678,0.142508,0
FR021950,0.192198,0
FR025038,0.138856,0
FR023747,0.161111,0
FR028624,0.15051,0
FR021110,0.069498,0
FR024631,0.150544,0
FR022246,0.091897,0
FR030968,0.295872,0
FR024350,0.410543,0
FR029435,0.347394,0
FR025367,0.357045,0
FR025308,0.112669,0
FR030906,0.030968,0
FR031208,0.337977,0
FR030785,0.105134,0
FR027479,0.408833,0
FR030044,0.094325,0
FR027460,0.074865,0
FR031392,0.35645,0
FR031744,0.163564,0
FR027259,0.086643,0
FR024047,0.641226,1
FR030160,0.073493,0
FR021812,0.111261,0
FR027963,0.236506,0
FR028929,0.240002,0
FR023408,0.021433,0
FR029517,0.298031,0
FR022519,0.159643,0
FR025497,0.379918,0
FR021508,0.153159,0
FR025595,0.349432,0
FR022358,0.392917,0
FR020227,0.348092,0
FR028561,0.18299,0
FR027701,0.159249,0
FR027774,0.226014,0
FR028341,0.129325,0
FR028662,0.263956,0
FR023870,0.613724,1
FR022403,0.144862,0
FR021811,0.39687,0
FR023572,0.169339,0
FR022033,0.175885,0
FR029263,0.127974,0
FR025225,0.221681,0
FR022251,0.130012,0
FR024795,0.236403,0
FR026851,0.097779,0
FR023376,0.225835,0
FR020597,0.53062,0
FR030770,0.21165,0
FR023969,0.313011,0
FR022019,0.17052,0
FR022337,0.119941,0
FR030366,0.184631,0
FR024678,0.065407,0
FR024730,0.485264,0
FR028878,0.143802,0
FR022791,0.225935,0
FR024758,0.563656,1
FR027056,0.125273,0
FR022538,0.442693,0
FR022386,0.320412,0
FR024051,0.448125,0
FR030067,0.189321,0
FR022884,0.076745,0
FR027495,0.161091,0
FR021846,0.139926,0
FR024782,0.14938,0
FR022279,0.218878,0
FR030822,0.136518,0
FR031700,0.178024,0
FR030487,0.306323,0
FR029676,0.138702,0
FR022861,0.114219,0
FR023353,0.159336,0
FR024120,0.136698,0
FR028753,0.186638,0
FR023062,0.34236,0
FR031304,0.244631,0
FR026826,0.210881,0
FR031577,0.094233,0
FR031552,0.397188,0
FR020054,0.086426,0
FR029481,0.109564,0
FR021695,0.057965,0
FR030098,0.306742,0
FR028679,0.103269,0
FR029670,0.152974,0
FR027471,0.288835,0
FR020351,0.170322,0
FR029617,0.5699,1
FR025988,0.293407,0
FR021463,0.272845,0
FR030132,0.353363,0
FR025325,0.264966,0
FR028097,0.154867,0
FR025897,0.118075,0
FR023023,0.098832,0
FR020657,0.13098,0
FR024204,0.19298,0
FR029829,0.146124,0
FR020305,0.232987,0
FR023983,0.054939,0
FR030257,0.256255,0
FR021554,0.101498,0
FR028465,0.091368,0
FR020284,0.05718,0
FR030035,0.108751,0
FR027140,0.150079,0
FR025916,0.128066,0
FR023518,0.896819,1
FR020566,0.223081,0
FR030398,0.243343,0
FR024904,0.152383,0
FR026418,0.482174,0
FR023934,0.280178,0
FR021804,0.172769,0
FR025323,0.230999,0
FR030092,0.195856,0
FR026879,0.247008,0
FR028065,0.09433,0
FR023431,0.066532,0
FR024755,0.459764,0
FR020699,0.045368,0
FR030099,0.113808,0
FR021627,0.09891,0
FR024376,0.177542,0
FR026404,0.709794,1
FR030145,0.43431,0
FR025522,0.268691,0
FR027485,0.103454,0
FR027221,0.360331,0
FR031858,0.0705,0
FR031168,0.122742,0
FR024261,0.287051,0
FR030846,0.191314,0
FR029992,0.111611,0
FR030293,0.107354,0
FR021974,0.192058,0
FR030859,0.36572,0
FR020219,0.191005,0
FR020524,0.912562,1
FR021770,0.169725,0
FR028860,0.14318,0
FR027637,0.117764,0
FR028811,0.167878,0
FR024347,0.306171,0
FR020778,0.393317,0
FR027125,0.250267,0
FR029428,0.071424,0
FR024901,0.2302,0
FR024531,0.143259,0
FR026136,0.077134,0
FR024728,0.090972,0
FR023085,0.13289,0
FR029049,0.342281,0
FR031491,0.132569,0
FR029680,0.233077,0
FR021784,0.175219,0
FR022313,0.045338,0
FR031229,0.143604,0
FR022558,0.045864,0
FR025805,0.280988,0
FR025835,0.282972,0
FR025811,0.256592,0
FR025295,0.12052,0
FR022673,0.644356,1
FR026160,0.076656,0
FR025260,0.110054,0
FR021344,0.480865,0
FR030050,0.267754,0
FR023939,0.305859,0
FR025442,0.129939,0
FR023139,0.255375,0
FR030236,0.232958,0
FR023978,0.150703,0
FR020551,0.258516,0
FR028658,0.246286,0
FR021581,0.138331,0
FR022553,0.343639,0
FR023644,0.356486,0
FR022929,0.024174,0
FR021292,0.417184,0
FR028596,0.228102,0
FR021808,0.198495,0
FR024168,0.382269,0
FR029316,0.579766,1
FR030966,0.13118,0
FR027143,0.269051,0
FR023310,0.082935,0
FR030174,0.27813,0
FR029644,0.33698,0
FR030543,0.223013,0
FR031088,0.264916,0
FR023360,0.119112,0
FR021943,0.103341,0
FR031608,0.223587,0
FR027827,0.387554,0
FR021171,0.229675,0
FR026602,0.415119,0
FR029087,0.106878,0
FR027859,0.225853,0
FR030588,0.13787,0
FR026939,0.108476,0
FR025926,0.633723,1
FR022690,0.197207,0
FR027156,0.154058,0
FR020919,0.162464,0
FR028937,0.049277,0
FR028684,0.219158,0
FR031461,0.12562,0
FR022663,0.198154,0
FR027780,0.138859,0
FR021578,0.191744,0
FR024710,0.299438,0
FR028720,0.105168,0
FR029155,0.279655,0
FR027452,0.228089,0
FR030315,0.136742,0
FR026074,0.235565,0
FR020222,0.25114,0
FR031353,0.026974,0
FR022514,0.205139,0
FR029067,0.46491,0
FR026050,0.367171,0
FR031874,0.088993,0
FR022743,0.189481,0
FR029308,0.187059,0
FR025753,0.897851,1
FR022904,0.096334,0
FR030222,0.162442,0
FR021733,0.150939,0
FR025845,0.184482,0
FR023270,0.442048,0
FR029259,0.290642,0
FR022465,0.211469,0
FR025872,0.087585,0
FR031252,0.181397,0
FR028538,0.740266,1
FR027457,0.128681,0
FR021926,0.204726,0
FR022325,0.319188,0
FR026906,0.289645,0
FR028438,0.090997,0
FR029876,0.249966,0
FR030938,0.127795,0
FR026708,0.168062,0
FR026159,0.204305,0
FR026501,0.431137,0
FR024929,0.457159,0
FR030983,0.202755,0
FR028271,0.031995,0
FR027287,0.170489,0
FR027193,0.133371,0
FR029500,0.207348,0
FR025772,0.281731,0
FR026478,0.017319,0
FR025617,0.329489,0
FR025209,0.478882,0
FR031909,0.270795,0
FR020149,0.336388,0
FR020598,0.127313,0
FR031925,0.03032,0
FR025047,0.144998,0
FR030970,0.1876,0
FR020942,0.215046,0
FR027305,0.180749,0
FR028749,0.368644,0
FR030478,0.386458,0
FR024757,0.076266,0
FR023343,0.1589,0
FR022582,0.13865,0
FR027962,0.379901,0
FR020603,0.261973,0
FR028354,0.139005,0
FR023296,0.145452,0
FR031597,0.16147,0
FR020170,0.166608,0
FR026133,0.109418,0
FR023215,0.133206,0
FR020721,0.203981,0
FR031410,0.418199,0
FR023843,0.227064,0
FR023880,0.802224,1
FR026768,0.107545,0
FR024695,0.032617,0
FR026518,0.488719,0
FR025653,0.02191,0
FR025589,0.253046,0
FR028984,0.077878,0
FR024771,0.088348,0
FR027053,0.255562,0
FR026897,0.891569,1
FR030615,0.310588,0
FR029338,0.115818,0
FR020513,0.192076,0
FR030940,0.02245,0
FR027556,0.271195,0
FR024787,0.186617,0
FR029291,0.139468,0
FR022881,0.066364,0
FR024825,0.08891,0
FR031622,0.271961,0
FR024996,0.329241,0
FR023255,0.146734,0
FR021568,0.234874,0
FR026443,0.12562,0
FR027312,0.127164,0
FR022194,0.218561,0
FR030764,0.161982,0
FR030868,0.217885,0
FR026048,0.213828,0
FR022428,0.078279,0
FR029073,0.023373,0
FR023214,0.080896,0
FR023007,0.169463,0
FR023017,0.019263,0
FR028832,0.12667,0
FR031649,0.202909,0
FR024651,0.273126,0
FR023411,0.104066,0
FR024858,0.2272,0
FR024591,0.075656,0
FR022204,0.240755,0
FR030095,0.347981,0
FR026601,0.178944,0
FR030327,0.25878,0
FR025101,0.359939,0
FR022463,0.190964,0
FR030331,0.175393,0
FR026746,0.147971,0
FR031542,0.351636,0
FR020207,0.261561,0
FR031618,0.209971,0
FR025826,0.307658,0
FR029780,0.105146,0
FR023721,0.242201,0
FR029550,0.348009,0
FR022910,0.112491,0
FR031337,0.264975,0
FR029256,0.198243,0
FR022747,0.142215,0
FR024836,0.208343,0
FR028336,0.301481,0
FR028394,0.221224,0
FR027698,0.155402,0
FR031105,0.116895,0
FR021043,0.349274,0
FR029778,0.12089,0
FR030318,0.179405,0
FR030038,0.099167,0
FR030229,0.169088,0
FR021305,0.255271,0
FR028457,0.105488,0
FR026030,0.439792,0
FR026543,0.12929,0
FR029497,0.112679,0
FR023345,0.192762,0
FR022524,0.125154,0
FR025034,0.128225,0
FR030981,0.153281,0
FR022817,0.139648,0
FR030409,0.147223,0
FR021074,0.433895,0
FR027315,0.035326,0
FR028123,0.243805,0
FR020382,0.248568,0
FR026468,0.037695,0
FR022867,0.152517,0
FR022191,0.207763,0
FR020988,0.319042,0
FR022096,0.242639,0
FR021829,0.416364,0
FR025603,0.232321,0
FR020711,0.27001,0
FR026283,0.201269,0
FR029720,0.101422,0
FR021539,0.399379,0
FR028317,0.3789,0
FR027252,0.082487,0
FR031431,0.096068,0
FR028353,0.119456,0
FR023947,0.198118,0
FR023859,0.181162,0
FR020686,0.105426,0
FR030288,0.283977,0
FR020824,0.055084,0
FR029978,0.095988,0
FR029979,0.134506,0
FR026748,0.179151,0
FR030086,0.403904,0
FR021997,0.027344,0
FR025195,0.151761,0
FR029766,0.132254,0
FR025311,0.208513,0
FR029128,0.281627,0
FR025847,0.117169,0
FR024129,0.314519,0
FR028641,0.168327,0
FR031794,0.186273,0
FR020617,0.080096,0
FR020848,0.119803,0
FR025414,0.302194,0
FR030335,0.142589,0
FR028788,0.063597,0
FR031605,0.298183,0
FR028059,0.132421,0
FR029788,0.234302,0
FR020675,0.321946,0
FR021934,0.144238,0
FR026331,0.115555,0
FR030629,0.063793,0
FR031755,0.31495,0
FR022094,0.489806,0
FR028763,0.17062,0
FR027867,0.219501,0
FR028208,0.310935,0
FR024021,0.116494,0
FR024586,0.182653,0
FR021050,0.036652,0
FR031336,0.266074,0
FR027858,0.448051,0
FR030436,0.728226,1
FR024954,0.28149,0
FR023267,0.163415,0
FR027591,0.575037,1
FR031891,0.269638,0
FR020340,0.335912,0
FR030521,0.213483,0
FR024118,0.364105,0
FR020432,0.186103,0
FR021724,0.127243,0
FR028190,0.107326,0
FR028386,0.137517,0
FR020002,0.282442,0
FR020310,0.128467,0
FR023671,0.15839,0
FR022709,0.568259,1
FR028863,0.240959,0
FR025241,0.073328,0
FR020789,0.195607,0
FR028074,0.203898,0
FR030889,0.324014,0
FR031463,0.556857,1
FR021529,0.203412,0
FR027006,0.211882,0
FR031627,0.266182,0
FR022741,0.152719,0
FR029763,0.066721,0
FR025071,0.02138,0
FR022083,0.107022,0
FR026567,0.104516,0
FR027616,0.620757,1
FR029488,0.111317,0
FR024835,0.199915,0
FR028258,0.29381,0
FR020903,0.244265,0
FR028219,0.169664,0
FR031367,0.37057,0
FR021504,0.14013,0
FR022771,0.181602,0
FR027134,0.520925,0
FR027484,0.369516,0
FR031169,0.156126,0
FR028701,0.241038,0
FR025462,0.090264,0
FR022370,0.240293,0
FR023400,0.063664,0
FR031347,0.233537,0
FR026532,0.108797,0
FR020585,0.406377,0
FR025229,0.362279,0
FR024487,0.107371,0
FR027689,0.585112,1
FR022072,0.339583,0
FR020150,0.319445,0
FR031377,0.071001,0
FR024497,0.177863,0
FR030260,0.098495,0
FR026914,0.189921,0
FR024926,0.129357,0
FR031319,0.252805,0
FR020260,0.13193,0
FR027360,0.188197,0
FR027756,0.278221,0
FR030892,0.150445,0
FR022502,0.133286,0
FR021693,0.153553,0
FR025296,0.102215,0
FR026899,0.264766,0
FR027046,0.109793,0
FR027551,0.113229,0
FR020413,0.134176,0
FR024821,0.342718,0
FR027386,0.253915,0
FR030146,0.302236,0
FR025891,0.290566,0
FR026185,0.022329,0
FR020477,0.103228,0
FR023475,0.123116,0
FR028663,0.153681,0
FR028484,0.128928,0
FR029359,0.170667,0
FR023943,0.190168,0
FR023568,0.137407,0
FR030111,0.117122,0
FR024884,0.091284,0
FR024181,0.100522,0
FR025743,0.133383,0
FR022486,0.25098,0
FR021392,0.230044,0
FR031301,0.228002,0
FR026675,0.173756,0
FR025263,0.209159,0
FR029842,0.188698,0
FR020727,0.407098,0
FR022640,0.433215,0
FR027806,0.168531,0
FR026674,0.101208,0
FR022188,0.05043,0
FR027702,0.161666,0
FR023173,0.334966,0
FR030895,0.159278,0
FR029591,0.353268,0
FR030135,0.098331,0
FR027447,0.330697,0
FR020229,0.25259,0
FR024627,0.053967,0
FR031690,0.19465,0
FR031100,0.155857,0
FR021850,0.115862,0
FR029955,0.023285,0
FR021210,0.22672,0
FR023991,0.155467,0
FR020660,0.279764,0
FR029743,0.175753,0
FR023767,0.409142,0
FR030165,0.490379,0
FR024958,0.182967,0
FR028397,0.102567,0
FR023881,0.483834,0
FR026394,0.176032,0
FR023152,0.238453,0
FR029267,0.334464,0
FR021663,0.21714,0
FR030617,0.32794,0
FR028699,0.118366,0
FR027828,0.868957,1
FR023013,0.403576,0
FR022097,0.51206,0
FR020023,0.249729,0
FR024331,0.282375,0
FR030143,0.237849,0
FR026677,0.377587,0
FR030791,0.266476,0
FR023213,0.421862,0
FR028550,0.046567,0
FR022988,0.092514,0
FR024186,0.247215,0
FR026477,0.276693,0
FR020473,0.219983,0
FR027097,0.173293,0
FR020204,0.126194,0
FR023367,0.403843,0
FR027350,0.171417,0
FR031980,0.364912,0
FR021610,0.421053,0
FR028165,0.342512,0
FR028373,0.065915,0
FR026572,0.309885,0
FR029993,0.327852,0
FR026396,0.296299,0
FR024381,0.469933,0
FR022412,0.255146,0
FR025344,0.141287,0
FR025333,0.202216,0
FR029890,0.206885,0
FR026145,0.41407,0
FR029402,0.26487,0
FR020726,0.149502,0
FR024300,0.111347,0
FR020956,0.281619,0
FR024285,0.303657,0
FR030692,0.100961,0
FR028275,0.120509,0
FR031070,0.187645,0
FR025294,0.246157,0
FR021462,0.261203,0
FR030982,0.250869,0
FR030187,0.616479,1
FR027678,0.099121,0
FR021942,0.099184,0
FR028082,0.167368,0
FR021998,0.245913,0
FR031840,0.120571,0
FR025009,0.168455,0
FR026046,0.352818,0
FR031460,0.347209,0
FR021716,0.043313,0
FR027344,0.199405,0
FR027435,0.111411,0
FR025936,0.388762,0
FR030610,0.193036,0
FR022692,0.136536,0
FR020142,0.11222,0
FR029107,0.344299,0
FR029468,0.146664,0
FR028015,0.317256,0
FR021820,0.518687,0
FR023335,0.165215,0
FR023253,0.214914,0
FR021511,0.248433,0
FR027831,0.260878,0
FR029574,0.18641,0
FR021786,0.08109,0
FR030406,0.283319,0
FR021541,0.143206,0
FR029727,0.367372,0
FR023709,0.270204,0
FR021140,0.658669,1
FR031832,0.56934,1
FR026365,0.181132,0
FR021396,0.204624,0
FR022142,0.116179,0
FR021282,0.194507,0
FR031053,0.142199,0
FR031540,0.328842,0
FR023945,0.25799,0
FR028257,0.171062,0
FR029307,0.635517,1
FR025166,0.129908,0
FR024568,0.200791,0
FR023089,0.164307,0
FR027295,0.296404,0
FR021662,0.027355,0
FR020775,0.223514,0
FR020866,0.119781,0
FR024939,0.443314,0
FR028600,0.100267,0
FR027095,0.128368,0
FR031147,0.159549,0
FR029942,0.321964,0
FR024618,0.096323,0
FR027304,0.210281,0
FR027670,0.280886,0
FR023975,0.333587,0
FR028657,0.41817,0
FR028859,0.159407,0
FR025947,0.10152,0
FR022794,0.222442,0
FR020096,0.226159,0
FR022376,0.155707,0
FR021122,0.30294,0
FR021607,0.308945,0
FR022267,0.402395,0
FR022938,0.1007,0
FR031396,0.133888,0
FR025613,0.525981,0
FR029182,0.095325,0
FR021970,0.100192,0
FR026503,0.299139,0
FR023601,0.173419,0
FR028269,0.315262,0
FR026965,0.213956,0
FR031020,0.169178,0
FR026868,0.210547,0
FR031509,0.796949,1
FR020185,0.078839,0
FR030110,0.350742,0
FR023738,0.279002,0
FR023668,0.102426,0
FR023079,0.27756,0
FR022347,0.154258,0
FR023883,0.399072,0
FR021089,0.11274,0
FR022892,0.221569,0
FR029116,0.401865,0
FR025542,0.243682,0
FR029785,0.405891,0
FR025529,0.201442,0
FR031569,0.120619,0
FR031950,0.124025,0
FR030474,0.1219,0
FR026732,0.248319,0
FR031294,0.179282,0
FR023241,0.306335,0
FR023785,0.245618,0
FR031007,0.019233,0
FR030644,0.145872,0
FR027895,0.234225,0
FR027338,0.115002,0
FR030709,0.119488,0
FR021012,0.392374,0
FR020876,0.28351,0
FR030524,0.151053,0
FR027306,0.115441,0
FR030065,0.164226,0
FR025869,0.389656,0
FR029016,0.149211,0
FR024707,0.204966,0
FR027576,0.147364,0
FR027152,0.175538,0
FR023836,0.165502,0
FR027080,0.113764,0
FR022679,0.122449,0
FR027943,0.496102,0
FR031943,0.128783,0
FR021856,0.042206,0
FR028011,0.155467,0
FR031779,0.419202,0
FR022828,0.104501,0
FR021523,0.220727,0
FR031473,0.494049,0
FR023964,0.178141,0
FR026624,0.122852,0
FR020348,0.169416,0
FR025705,0.156525,0
FR030706,0.21987,0
FR024962,0.165453,0
FR029700,0.171361,0
FR022683,0.366351,0
FR027395,0.114999,0
FR024510,0.085571,0
FR028808,0.133316,0
FR030778,0.193723,0
FR030717,0.128256,0
FR028384,0.399674,0
FR024784,0.196473,0
FR029386,0.312955,0
FR024309,0.106027,0
FR031826,0.388987,0
FR025046,0.122665,0
FR023855,0.143459,0
FR027893,0.139694,0
FR024258,0.341181,0
FR025487,0.187146,0
FR024706,0.181685,0
FR026739,0.424398,0
FR021362,0.325325,0
FR022316,0.112114,0
FR025961,0.453543,0
FR031260,0.187911,0
FR021847,0.174029,0
FR024573,0.066007,0
FR029038,0.125014,0
FR025742,0.272836,0
FR022148,0.438206,0
FR027512,0.179608,0
FR022002,0.397756,0
FR022574,0.106799,0
FR026033,0.34375,0
FR031960,0.285876,0
FR031550,0.159781,0
FR029839,0.331277,0
FR027665,0.127686,0
FR022811,0.063696,0
FR023289,0.550698,0
FR026535,0.160817,0
FR030275,0.202852,0
FR025930,0.10306,0
FR027394,0.269455,0
FR026334,0.099342,0
FR026635,0.14905,0
FR021399,0.290872,0
FR026709,0.168979,0
FR027744,0.137762,0
FR020419,0.065422,0
FR024081,0.077144,0
FR031844,0.315645,0
FR025350,0.360023,0
FR026880,0.131662,0
FR021771,0.048139,0
FR029097,0.155113,0
FR020543,0.227021,0
FR026375,0.355445,0
FR028099,0.104728,0
FR025621,0.311899,0
FR021112,0.186956,0
FR024220,0.76053,1
FR027632,0.677395,1
FR030979,0.2496,0
FR025182,0.254854,0
FR029545,0.034302,0
FR025573,0.346357,0
FR030751,0.258802,0
FR026696,0.135082,0
FR024092,0.321349,0
FR028075,0.139446,0
FR025744,0.213576,0
FR020625,0.133795,0
FR031691,0.126749,0
FR024585,0.239283,0
FR024817,0.636665,1
FR030219,0.276411,0
FR022429,0.10493,0
FR028391,0.416047,0
FR021105,0.026646,0
FR024093,0.294239,0
FR026458,0.068903,0
FR029729,0.304799,0
FR025696,0.712012,1
FR021629,0.268938,0
FR025400,0.170521,0
FR031916,0.095747,0
FR026099,0.212548,0
FR028189,0.168182,0
FR024881,0.149619,0
FR031217,0.275954,0
FR027068,0.082329,0
FR024870,0.174209,0
FR024361,0.542674,0
FR027069,0.177961,0
FR029302,0.099496,0
FR022496,0.697982,1
FR031556,0.33284,0
FR024681,0.117442,0
FR021475,0.040947,0
FR022116,0.13934,0
FR029986,0.245318,0
FR026179,0.165037,0
FR031743,0.32672,0
FR022599,0.230504,0
FR030598,0.222995,0
FR021743,0.038555,0
FR023571,0.174908,0
FR022451,0.10389,0
FR020093,0.033711,0
FR029624,0.387041,0
FR023110,0.257077,0
FR031269,0.245723,0
FR028644,0.260021,0
FR024517,0.325123,0
FR026613,0.148124,0
FR022190,0.28171,0
FR021328,0.914196,1
FR026413,0.23297,0
FR021668,0.204222,0
FR023612,0.21834,0
FR028612,0.023618,0
FR030660,0.110667,0
FR020462,0.253657,0
FR031000,0.40606,0
FR020802,0.252141,0
FR020196,0.293694,0
FR031194,0.10532,0
FR029809,0.665818,1
FR024242,0.16329,0
FR023386,0.377435,0
FR021073,0.226235,0
FR023570,0.206014,0
FR022953,0.084073,0
FR021530,0.149365,0
FR024351,0.220457,0
FR025283,0.253788,0
FR030762,0.144262,0
FR021624,0.314525,0
FR020365,0.155456,0
FR020955,0.132988,0
FR029752,0.133918,0
FR028359,0.18405,0
FR027496,0.43299,0
FR021608,0.413389,0
FR028014,0.158649,0
FR023393,0.020146,0
FR023641,0.169588,0
FR028667,0.33832,0
FR021382,0.701755,1
FR023686,0.222008,0
FR024362,0.448121,0
FR024874,0.123684,0
FR027852,0.306742,0
FR030500,0.310348,0
FR020771,0.171527,0
FR031745,0.256839,0
FR027247,0.275446,0
FR024194,0.295177,0
FR022851,0.050889,0
FR029457,0.455759,0
FR028324,0.25045,0
FR021537,0.287653,0
FR027824,0.338192,0
FR029620,0.340137,0
FR024188,0.456574,0
FR029691,0.589433,1
FR020130,0.306378,0
FR020255,0.123008,0
FR023988,0.852343,1
FR028131,0.185149,0
FR021139,0.055657,0
FR022042,0.357271,0
FR022427,0.073212,0
FR026736,0.140967,0
FR028764,0.191965,0
FR022045,0.186507,0
FR025290,0.037491,0
FR030869,0.310778,0
FR025864,0.193474,0
FR024987,0.25364,0
FR025458,0.023291,0
FR030271,0.498893,0
FR022925,0.436276,0
FR022430,0.329809,0
FR029895,0.314945,0
FR025498,0.12543,0
FR023588,0.340492,0
FR029908,0.568236,1
FR024244,0.154496,0
FR022638,0.437176,0
FR026250,0.118943,0
FR030224,0.129885,0
FR027974,0.234939,0
FR025278,0.195876,0
FR021664,0.480666,0
FR023387,0.034769,0
FR026903,0.087891,0
FR027690,0.355041,0
FR031427,0.156499,0
FR020490,0.13796,0
FR028314,0.577837,1
FR024653,0.105654,0
FR029383,0.137254,0
FR026043,0.304175,0
FR026587,0.191442,0
FR026269,0.141543,0
FR028992,0.36011,0
FR022421,0.099218,0
FR025507,0.164795,0
FR026741,0.185085,0
FR025724,0.148858,0
FR020577,0.212168,0
FR030313,0.266515,0
FR024231,0.356663,0
FR030166,0.11814,0
FR023520,0.11981,0
FR026469,0.154301,0
FR028497,0.234611,0
FR031186,0.240757,0
FR030301,0.181794,0
FR020253,0.215445,0
FR030897,0.324547,0
FR025894,0.101733,0
FR021014,0.354566,0
FR022600,0.018244,0
FR027954,0.213699,0
FR031746,0.180748,0
FR020580,0.062877,0
FR030286,0.101254,0
FR026128,0.128911,0
FR024367,0.073781,0
FR021646,0.202022,0
FR030745,0.461447,0
FR020383,0.217798,0
FR022688,0.033524,0
FR021741,0.276672,0
FR029419,0.207375,0
FR027957,0.157516,0
FR025594,0.121966,0
FR029962,0.378378,0
FR025698,0.223436,0
FR025446,0.712631,1
FR027088,0.281564,0
FR025752,0.150133,0
FR025020,0.201958,0
FR027196,0.13936,0
FR028990,0.345052,0
FR025288,0.448821,0
FR026673,0.138973,0
FR031671,0.380302,0
FR025299,0.227213,0
FR030789,0.186996,0
FR021366,0.303861,0
FR031211,0.507802,0
FR030256,0.092542,0
FR023355,0.355208,0
FR023106,0.138787,0
FR023753,0.172392,0
FR024414,0.099653,0
FR029774,0.076051,0
FR020097,0.323316,0
FR030585,0.183284,0
FR020206,0.153336,0
FR028511,0.243455,0
FR026958,0.304259,0
FR023804,0.18529,0
FR022264,0.113604,0
FR024834,0.28699,0
FR024921,0.091683,0
FR020931,0.336612,0
FR022106,0.324586,0
FR021705,0.145788,0
FR022182,0.349872,0
FR021380,0.112198,0
FR024930,0.024304,0
FR022378,0.188465,0
FR022256,0.636023,1
FR027092,0.088366,0
FR026615,0.371627,0
FR025380,0.239322,0
FR022351,0.213434,0
FR031614,0.24806,0
FR029434,0.117963,0
FR021468,0.414566,0
FR022532,0.280943,0
FR021622,0.215669,0
FR021410,0.432486,0
FR027043,0.31042,0
FR020847,0.085926,0
FR020449,0.176223,0
FR028252,0.269768,0
FR024643,0.171638,0
FR025543,0.913881,1
FR028733,0.134989,0
FR031050,0.536023,0
FR023689,0.087295,0
FR020718,0.302923,0
FR022731,0.149606,0
FR027216,0.145561,0
FR026549,0.027642,0
FR023819,0.097544,0
FR020294,0.199928,0
FR027030,0.415399,0
FR030683,0.297781,0
FR021483,0.259953,0
FR023039,0.229618,0
FR023176,0.060152,0
FR028425,0.284239,0
FR022875,0.247903,0
FR027504,0.1477,0
FR021748,0.109694,0
FR025125,0.016698,0
FR027894,0.204515,0
FR028740,0.27439,0
FR025313,0.282779,0
FR023496,0.564625,1
FR029683,0.415433,0
FR027799,0.170466,0
FR026271,0.163027,0
FR025176,0.149609,0
FR030541,0.117637,0
FR021891,0.315742,0
FR026919,0.174351,0
FR028250,0.546268,0
FR027760,0.241941,0
FR026625,0.161409,0
FR031812,0.250633,0
FR023509,0.115531,0
FR024546,0.298177,0
FR024571,0.305282,0
FR028948,0.265409,0
FR026622,0.529011,0
FR022332,0.193043,0
FR023319,0.056576,0
FR025777,0.112642,0
FR030945,0.327157,0
FR027656,0.106688,0
FR027568,0.169861,0
FR027758,0.332744,0
FR024620,0.170243,0
FR026322,0.200336,0
FR023015,0.273083,0
FR020697,0.177295,0
FR025700,0.173992,0
FR020669,0.114777,0
FR031082,0.233957,0
FR030837,0.400293,0
FR030360,0.145422,0
FR023454,0.927989,1
FR022026,0.343938,0
FR029637,0.152011,0
FR025828,0.092075,0
FR030177,0.217048,0
FR027584,0.463061,0
FR027465,0.122075,0
FR027627,0.189522,0
FR029980,0.207712,0
FR026902,0.171032,0
FR028385,0.126686,0
FR021793,0.615672,1
FR024623,0.408207,0
FR022982,0.174945,0
FR021102,0.103297,0
FR023602,0.145124,0
FR023382,0.433072,0
FR022827,0.114518,0
FR023160,0.122899,0
FR023050,0.519068,0
FR026252,0.162949,0
FR022381,0.161034,0
FR029258,0.192662,0
FR026397,0.31114,0
FR026534,0.208345,0
FR029337,0.377945,0
FR031323,0.256651,0
FR027941,0.111775,0
FR029357,0.313444,0
FR020135,0.345084,0
FR028387,0.112388,0
FR021853,0.243122,0
FR021516,0.196975,0
FR021739,0.172512,0
FR023974,0.915179,1
FR029098,0.376179,0
FR025637,0.143773,0
FR020287,0.157373,0
FR028851,0.523244,0
FR020230,0.312601,0
FR027441,0.165055,0
FR028274,0.294795,0
FR026484,0.031545,0
FR021283,0.127414,0
FR031441,0.150979,0
FR020846,0.201979,0
FR020391,0.143236,0
FR023584,0.219698,0
FR031897,0.089321,0
FR025115,0.19018,0
FR026619,0.168593,0
FR026240,0.236708,0
FR026197,0.274963,0
FR029851,0.328148,0
FR026781,0.234941,0
FR020148,0.070077,0
FR026653,0.2834,0
FR020345,0.27423,0
FR021159,0.057964,0
FR022055,0.151199,0
FR031332,0.193616,0
FR025408,0.346885,0
FR030782,0.040215,0
FR028332,0.392628,0
FR022960,0.325368,0
FR029697,0.207098,0
FR021257,0.250678,0
FR031846,0.143827,0
FR023137,0.212502,0
FR027390,0.127094,0
FR030657,0.248013,0
FR027212,0.188178,0
FR020175,0.234862,0
FR028784,0.222534,0
FR029915,0.309515,0
FR029981,0.195521,0
FR029892,0.256037,0
FR022005,0.265809,0
FR022406,0.099278,0
FR030786,0.316803,0
FR023899,0.241468,0
FR020975,0.342038,0
FR031087,0.179448,0
FR027561,0.45566,0
FR030139,0.195607,0
FR028235,0.21696,0
FR025651,0.110598,0
FR027768,0.820322,1
FR021740,0.055564,0
FR020642,0.433062,0
FR020529,0.337585,0
FR028952,0.099903,0
FR025345,0.322428,0
FR022138,0.236051,0
FR029045,0.272875,0
FR027201,0.295643,0
FR031668,0.208929,0
FR020240,0.512169,0
FR025465,0.168635,0
FR031870,0.13184,0
FR028970,0.068902,0
FR031240,0.096959,0
FR024657,0.164103,0
FR023219,0.204712,0
FR023025,0.279875,0
FR021141,0.233727,0
FR022047,0.072091,0
FR020875,0.162452,0
FR030824,0.147782,0
FR020182,0.848383,1
FR024642,0.142941,0
FR023646,0.298214,0
FR029903,0.402636,0
FR021096,0.195885,0
FR028814,0.50382,0
FR028130,0.056122,0
FR024700,0.23354,0
FR022888,0.443448,0
FR027699,0.151053,0
FR028594,0.351722,0
FR025383,0.758279,1
FR027626,0.177737,0
FR030319,0.183311,0
FR024763,0.208359,0
FR021535,0.237317,0
FR028921,0.231688,0
FR025486,0.06822,0
FR028867,0.382046,0
FR027798,0.056375,0
FR031667,0.038493,0
FR028829,0.363891,0
FR023687,0.091225,0
FR029736,0.141852,0
FR029934,0.398612,0
FR031503,0.076148,0
FR031692,0.217799,0
FR029858,0.506061,0
FR027791,0.16493,0
FR028156,0.213976,0
FR022259,0.273196,0
FR026106,0.209862,0
FR029512,0.169478,0
FR021148,0.207307,0
FR028186,0.13263,0
FR027351,0.200747,0
FR024252,0.22353,0
FR023384,0.430677,0
FR022120,0.331633,0
FR025151,0.20737,0
FR022698,0.394384,0
FR023659,0.076724,0
FR025169,0.028084,0
FR031721,0.381545,0
FR020321,0.161948,0
FR028806,0.097372,0
FR026809,0.112614,0
FR031601,0.213661,0
FR021583,0.113633,0
FR024516,0.208075,0
FR021476,0.125808,0
FR029479,0.347375,0
FR024363,0.398669,0
FR022000,0.358618,0
FR031727,0.566375,1
FR028352,0.372608,0
FR024017,0.221884,0
FR022023,0.143944,0
FR021709,0.390715,0
FR026720,0.296158,0
FR029309,0.100992,0
FR021438,0.227324,0
FR031327,0.214468,0
FR029364,0.110961,0
FR021320,0.462363,0
FR025029,0.132556,0
FR024639,0.065346,0
FR027347,0.536461,0
FR028557,0.149202,0
FR028410,0.201969,0
FR024696,0.224812,0
FR027271,0.28733,0
FR021400,0.301842,0
FR023462,0.223839,0
FR023867,0.15912,0
FR022086,0.222185,0
FR026646,0.111658,0
FR023325,0.319807,0
FR023909,0.302677,0
FR026586,0.138094,0
FR031566,0.418164,0
FR029091,0.183824,0
FR026603,0.129303,0
FR026519,0.449676,0
FR020197,0.252145,0
FR026385,0.104409,0
FR025369,0.089912,0
FR029873,0.308757,0
FR028047,0.252813,0
FR020361,0.056408,0
FR020636,0.269219,0
FR027101,0.100865,0
FR025091,0.17104,0
FR023905,0.110162,0
FR027498,0.237095,0
FR020033,0.369094,0
FR022323,0.207899,0
FR029009,0.209316,0
FR020593,0.0956,0
FR026911,0.09973,0
FR029677,0.24132,0
FR024500,0.22607,0
FR020958,0.151066,0
FR024863,0.077554,0
FR027258,0.496705,0
FR025040,0.078477,0
FR024864,0.086557,0
FR027063,0.445218,0
FR024268,0.156623,0
FR020154,0.188996,0
FR022825,0.683455,1
FR023179,0.203656,0
FR031342,0.119708,0
FR024871,0.3689,0
FR022633,0.164542,0
FR020868,0.413462,0
FR024614,0.451395,0
FR029006,0.921067,1
FR023473,0.090226,0
FR022650,0.305622,0
FR029442,0.274941,0
FR020836,0.625848,1
FR021736,0.150326,0
FR025422,0.20922,0
FR020864,0.492979,0
FR020472,0.174377,0
FR026015,0.358161,0
FR026812,0.3796,0
FR022377,0.29372,0
FR020016,0.245786,0
FR025233,0.128714,0
FR022656,0.383392,0
FR024617,0.488168,0
FR021851,0.524878,0
FR020180,0.061717,0
FR020739,0.246341,0
FR028812,0.097152,0
FR020488,0.304792,0
FR021388,0.13435,0
FR024415,0.114739,0
FR020032,0.16856,0
FR026996,0.456065,0
FR022179,0.124706,0
FR021415,0.18673,0
FR021534,0.385414,0
FR025304,0.165903,0
FR020189,0.056112,0
FR026084,0.4227,0
FR022099,0.529566,0
FR028846,0.24033,0
FR031500,0.254465,0
FR024108,0.111777,0
FR023148,0.319587,0
FR027071,0.221262,0
FR031768,0.253656,0
FR020079,0.366142,0
FR024027,0.087593,0
FR023889,0.272896,0
FR024124,0.227684,0
FR028718,0.157017,0
FR021025,0.17582,0
FR021053,0.127593,0
FR027726,0.221551,0
FR026806,0.020973,0
FR025049,0.299428,0
FR021723,0.259482,0
FR027113,0.136959,0
FR023597,0.264863,0
FR025014,0.098432,0
FR028450,0.091479,0
FR027203,0.358744,0
FR025208,0.193069,0
FR022283,0.116434,0
FR022074,0.301064,0
FR022405,0.245949,0
FR027709,0.313466,0
FR020102,0.269832,0
FR026531,0.364517,0
FR027014,0.203641,0
FR023990,0.293874,0
FR023714,0.33487,0
FR027948,0.233109,0
FR021098,0.235927,0
FR020693,0.092962,0
FR028012,0.299465,0
FR021484,0.246782,0
FR025056,0.185471,0
FR020769,0.120329,0
FR022105,0.125095,0
FR023780,0.317277,0
FR020406,0.309664,0
FR024754,0.078494,0
FR030002,0.112316,0
FR026590,0.63786,1
FR023935,0.373469,0
FR023193,0.263475,0
FR022905,0.115411,0
FR030498,0.247615,0
FR020910,0.097687,0
FR026606,0.104518,0
FR030347,0.282821,0
FR024039,0.206432,0
FR024218,0.179496,0
FR023735,0.17937,0
FR022736,0.111203,0
FR026369,0.356548,0
FR020270,0.374345,0
FR020337,0.192359,0
FR028944,0.318189,0
FR027230,0.39703,0
FR030376,0.359082,0
FR030469,0.841415,1
FR030578,0.218749,0
FR020902,0.529543,0
FR022998,0.851142,1
FR029229,0.698804,1
FR030405,0.042885,0
FR023243,0.224655,0
FR031039,0.256861,0
FR023311,0.259661,0
FR026763,0.192429,0
FR022686,0.255061,0
FR023660,0.209059,0
FR026640,0.126923,0
FR031521,0.307931,0
FR026830,0.183335,0
FR029914,0.132678,0
FR031990,0.124848,0
FR024393,0.111168,0
FR022044,0.351662,0
FR023083,0.184154,0
FR026465,0.069658,0
FR029257,0.079776,0
FR021660,0.240357,0
FR025938,0.421663,0
FR022165,0.133761,0
FR022556,0.164481,0
FR020897,0.315663,0
FR031420,0.395377,0
FR028448,0.1972,0
FR024483,0.208772,0
FR023088,0.569165,1
FR027475,0.213891,0
FR022641,0.137516,0
FR021545,0.177219,0
FR027497,0.027512,0
FR022217,0.153809,0
FR029405,0.243216,0
FR029144,0.130991,0
FR031290,0.202398,0
FR021818,0.114672,0
FR022685,0.02406,0
FR028236,0.192119,0
FR023276,0.445902,0
FR023998,0.214314,0
FR028043,0.266272,0
FR022699,0.247083,0
FR029303,0.051295,0
FR027119,0.147235,0
FR024896,0.147542,0
FR025775,0.258957,0
FR022206,0.186013,0
FR025447,0.134938,0
FR028700,0.419415,0
FR025643,0.20293,0
FR023046,0.181378,0
FR031056,0.160617,0
FR031386,0.301507,0
FR026840,0.152987,0
FR026665,0.282487,0
FR025794,0.022646,0
FR024042,0.124695,0
FR030004,0.385965,0
FR022450,0.152468,0
FR022632,0.033628,0
FR025302,0.032072,0
FR030554,0.108928,0
FR026990,0.131319,0
FR021220,0.072863,0
FR030021,0.244191,0
FR022146,0.186217,0
FR031776,0.33202,0
FR024400,0.173671,0
FR030752,0.618394,1
FR027209,0.816639,1
FR026173,0.632791,1
FR022396,0.243456,0
FR020565,0.306109,0
FR025659,0.207303,0
FR026183,0.092063,0
FR025838,0.097049,0
FR026181,0.253238,0
FR024472,0.266812,0
FR031842,0.123176,0
FR029430,0.232342,0
FR024105,0.129886,0
FR024142,0.398713,0
FR026955,0.319912,0
FR026475,0.20066,0
FR020474,0.085824,0
FR031148,0.184264,0
FR023218,0.257037,0
FR028430,0.08375,0
FR020263,0.26357,0
FR021764,0.40643,0
FR030558,0.249896,0
FR020364,0.269293,0
FR025747,0.365211,0
FR031961,0.235176,0
FR027755,0.135106,0
FR024203,0.226374,0
FR027624,0.288287,0
FR022801,0.424252,0
FR020704,0.419454,0
FR029856,0.18223,0
FR029791,0.150904,0
FR023263,0.111016,0
FR026140,0.347907,0
FR028489,0.246819,0
FR027173,0.279153,0
FR029811,0.434895,0
FR022890,0.139682,0
FR023558,0.098581,0
FR025611,0.172236,0
FR030913,0.215235,0
FR023038,0.020353,0
FR030853,0.085112,0
FR030818,0.203093,0
FR023008,0.181751,0
FR028283,0.254412,0
FR024436,0.465823,0
FR020003,0.25668,0
FR031102,0.117683,0
FR026040,0.149482,0
FR028563,0.368741,0
FR031659,0.094718,0
FR031218,0.437457,0
FR029431,0.239001,0
FR021830,0.422937,0
FR021843,0.155289,0
FR025261,0.145068,0
FR030324,0.126148,0
FR020964,0.407935,0
FR030459,0.104229,0
FR025252,0.330395,0
FR030886,0.210932,0
FR031555,0.364155,0
FR021810,0.245328,0
FR026608,0.095107,0
FR023893,0.341078,0
FR030589,0.094631,0
FR028244,0.233414,0
FR027245,0.180501,0
FR023259,0.208638,0
FR020151,0.339662,0
FR028978,0.915148,1
FR024125,0.435234,0
FR026088,0.266236,0
FR029539,0.375627,0
FR025076,0.145362,0
FR028705,0.021604,0
FR023761,0.150834,0
FR022561,0.890862,1
FR020133,0.291622,0
FR027213,0.101701,0
FR023861,0.121295,0
FR022902,0.316556,0
FR027612,0.071675,0
FR029639,0.246869,0
FR024683,0.061399,0
FR027207,0.318631,0
FR024748,0.064956,0
FR020885,0.140711,0
FR020578,0.257866,0
FR027486,0.291221,0
FR020806,0.320833,0
FR029864,0.161464,0
FR023951,0.138199,0
FR027987,0.068559,0
FR023960,0.078737,0
FR031741,0.176305,0
FR026614,0.126805,0
FR026092,0.237734,0
FR022034,0.224209,0
FR021901,0.127147,0
FR025850,0.155418,0
FR030952,0.286912,0
FR023084,0.189569,0
FR022546,0.158572,0
FR031854,0.119828,0
FR023746,0.165213,0
FR027992,0.095348,0
FR020764,0.155592,0
FR026027,0.346485,0
FR021594,0.344153,0
FR020588,0.35926,0
FR030736,0.39189,0
FR021824,0.127456,0
FR029094,0.059811,0
FR024734,0.334262,0
FR021737,0.132479,0
FR022810,0.147394,0
FR029164,0.140769,0
FR031366,0.4107,0
FR027829,0.355295,0
FR028303,0.287086,0
FR022458,0.268681,0
FR023019,0.193284,0
FR031972,0.099844,0
FR021937,0.524394,0
FR020963,0.168133,0
FR031816,0.127605,0
FR020947,0.185105,0
FR028949,0.21618,0
FR022725,0.271091,0
FR031683,0.356696,0
FR026940,0.314172,0
FR027833,0.132945,0
FR025585,0.24638,0
FR024243,0.028691,0
FR022324,0.150022,0
FR020930,0.227056,0
FR024662,0.890897,1
FR030663,0.12858,0
FR022309,0.110032,0
FR028840,0.433277,0
FR020031,0.025498,0
FR030456,0.430356,0
FR023835,0.1954,0
FR030113,0.19337,0
FR028541,0.312953,0
FR023963,0.156377,0
FR024717,0.16704,0
FR027602,0.277126,0
FR027735,0.107712,0
FR025015,0.120579,0
FR020375,0.136328,0
FR023635,0.77646,1
FR026032,0.281355,0
FR025200,0.110671,0
FR031663,0.580136,1
FR028706,0.254061,0
FR030359,0.16564,0
FR031895,0.118151,0
FR028637,0.442743,0
FR029315,0.180277,0
FR025086,0.031976,0
FR028002,0.111328,0
FR021982,0.197652,0
FR029062,0.84846,1
FR027728,0.125191,0
FR022201,0.066812,0
FR029899,0.310808,0
FR030686,0.166903,0
FR025732,0.383883,0
FR023997,0.076961,0
FR031653,0.454844,0
FR025729,0.427354,0
FR027136,0.074234,0
FR029859,0.186476,0
FR023697,0.214506,0
FR025515,0.054738,0
FR030123,0.168618,0
FR021290,0.114283,0
FR025890,0.12353,0
FR023053,0.367289,0
FR020446,0.060631,0
FR027013,0.383329,0
FR027903,0.316287,0
FR028253,0.176852,0
FR023554,0.277392,0
FR023744,0.01421,0
FR025303,0.159922,0
FR028518,0.098636,0
FR027490,0.042706,0
FR020385,0.143215,0
FR020982,0.161055,0
FR029133,0.906048,1
FR027795,0.146425,0
FR021091,0.185289,0
FR021765,0.255179,0
FR027509,0.341894,0
FR027980,0.387579,0
FR027801,0.071457,0
FR031289,0.271074,0
FR026311,0.35584,0
FR025768,0.19723,0
FR031881,0.202718,0
FR028854,0.588965,1
FR028145,0.090906,0
FR029846,0.842871,1
FR027431,0.226176,0
FR029463,0.826309,1
FR021186,0.105827,0
FR024526,0.291656,0
FR030823,0.194848,0
FR031058,0.032079,0
FR026303,0.067963,0
FR030423,0.19669,0
FR022113,0.204967,0
FR031486,0.178177,0
FR024824,0.261218,0
FR022461,0.116624,0
FR020249,0.163129,0
FR025155,0.122893,0
FR031077,0.20495,0
FR022466,0.223011,0
FR020491,0.598814,1
FR029247,0.258583,0
FR030798,0.308097,0
FR020199,0.104791,0
FR020640,0.365559,0
FR024322,0.254904,0
FR025424,0.315629,0
FR026176,0.138995,0
FR029936,0.316377,0
FR031098,0.024142,0
FR021774,0.097645,0
FR022167,0.085169,0
FR030562,0.550121,0
FR030597,0.583498,1
FR027052,0.292616,0
FR028549,0.158212,0
FR030076,0.083902,0
FR023204,0.166645,0
FR020414,0.135264,0
FR027480,0.301064,0
FR024279,0.303081,0
FR022238,0.480007,0
FR026726,0.264863,0
FR024336,0.262132,0
FR030355,0.143406,0
FR026258,0.121727,0
FR029682,0.117629,0
FR027915,0.182665,0
FR020146,0.278588,0
FR030007,0.509483,0
FR028516,0.279281,0
FR024190,0.105673,0
FR031624,0.125229,0
FR021018,0.597601,1
FR030184,0.167125,0
FR027368,0.305137,0
FR027448,0.38413,0
FR024625,0.217071,0
FR029432,0.189639,0
FR020320,0.232422,0
FR023563,0.143237,0
FR023742,0.151175,0
FR025041,0.07396,0
FR031215,0.110877,0
FR027570,0.35884,0
FR024133,0.067461,0
FR021294,0.179413,0
FR022530,0.142009,0
FR023830,0.265824,0
FR028499,0.055206,0
FR022970,0.259766,0
FR024409,0.119874,0
FR030226,0.169109,0
FR031288,0.221212,0
FR024827,0.461943,0
FR025512,0.2182,0
FR020126,0.14951,0
FR029596,0.351184,0
FR021255,0.199472,0
FR030116,0.279792,0
FR021176,0.124562,0
FR023049,0.218319,0
FR027693,0.222687,0
FR020610,0.669699,1
FR030262,0.248616,0
FR027009,0.113545,0
FR029168,0.155505,0
FR027235,0.122933,0
FR021227,0.097635,0
FR026774,0.216658,0
FR030737,0.132271,0
FR029090,0.180157,0
FR031544,0.098105,0
FR028920,0.194735,0
FR023695,0.431094,0
FR027091,0.134141,0
FR020826,0.22883,0
FR027823,0.299173,0
FR031694,0.218412,0
FR026953,0.094232,0
FR031777,0.134982,0
FR031388,0.285323,0
FR030948,0.362368,0
FR026370,0.400626,0
FR021389,0.332054,0
FR027818,0.334308,0
FR025024,0.121822,0
FR031119,0.129083,0
FR026335,0.287034,0
FR027257,0.179326,0
FR023430,0.086578,0
FR023147,0.311422,0
FR027467,0.230295,0
FR024550,0.181099,0
FR026488,0.165527,0
FR030507,0.334054,0
FR020773,0.215461,0
FR028558,0.054351,0
FR030000,0.31806,0
FR029153,0.190518,0
FR026498,0.271154,0
FR031541,0.239463,0
FR031298,0.04116,0
FR024992,0.406074,0
FR030861,0.487866,0
FR024687,0.405263,0
FR020835,0.162601,0
FR027117,0.196361,0
FR020075,0.321564,0
FR024364,0.112431,0
FR020134,0.258429,0
FR025876,0.331025,0
FR020247,0.137534,0
FR022648,0.172287,0
FR020467,0.244621,0
FR022653,0.149348,0
FR023055,0.183771,0
FR025511,0.20495,0
FR025203,0.429235,0
FR021243,0.167845,0
FR021260,0.161454,0
FR028494,0.376075,0
FR026944,0.334587,0
FR026017,0.330558,0
FR029886,0.216632,0
FR023911,0.283068,0
FR024325,0.094258,0
FR029300,0.271548,0
FR026779,0.090045,0
FR026938,0.371875,0
FR023470,0.330268,0
FR028844,0.435582,0
FR028307,0.560542,1
FR027902,0.183716,0
FR022534,0.080206,0
FR029343,0.025897,0
FR029010,0.243841,0
FR029921,0.233843,0
FR022291,0.092585,0
FR023140,0.448992,0
FR022266,0.249986,0
FR022765,0.128049,0
FR022103,0.207491,0
FR020183,0.398027,0
FR024114,0.134448,0
FR026297,0.245086,0
FR026255,0.422659,0
FR020736,0.151815,0
FR026275,0.18069,0
FR021561,0.124304,0
FR025309,0.238759,0
FR031450,0.198409,0
FR026703,0.146088,0
FR020539,0.215538,0
FR021742,0.221667,0
FR027976,0.139776,0
FR031761,0.433423,0
FR022006,0.333528,0
FR031617,0.346394,0
FR021500,0.239769,0
FR028869,0.254147,0
FR021913,0.465653,0
FR022476,0.082529,0
FR030658,0.106163,0
FR029761,0.109057,0
FR027783,0.133614,0
FR031325,0.334859,0
FR021289,0.135418,0
FR022224,0.75499,1
FR030769,0.323351,0
FR024223,0.224702,0
FR023074,0.225237,0
FR025142,0.153002,0
FR027892,0.081616,0
FR024562,0.105727,0
FR030858,0.127565,0
FR029607,0.058266,0
FR028306,0.163996,0
FR029831,0.149995,0
FR021238,0.175493,0
FR031837,0.227282,0
FR020691,0.181785,0
FR021513,0.33521,0
FR022021,0.297033,0
FR020140,0.113057,0
FR023169,0.136066,0
FR028316,0.151817,0
FR030593,0.493747,0
FR029374,0.853532,1
FR025939,0.191866,0
FR029273,0.110658,0
FR030263,0.513991,0
FR027249,0.292211,0
FR029883,0.166151,0
FR020136,0.233077,0
FR024931,0.086818,0
FR020164,0.183094,0
FR025962,0.225447,0
FR031370,0.169833,0
FR020828,0.072453,0
FR029887,0.144425,0
FR024826,0.162011,0
FR028204,0.273378,0
FR020444,0.164437,0
FR025050,0.217832,0
FR027736,0.188981,0
FR024246,0.10068,0
FR020439,0.097668,0
FR026227,0.462891,0
FR021986,0.400391,0
FR026985,0.406266,0
FR021869,0.14661,0
FR029380,0.401999,0
FR031603,0.061011,0
FR026838,0.472292,0
FR020983,0.17412,0
FR027885,0.397582,0
FR030732,0.281538,0
FR027463,0.175789,0
FR026386,0.22421,0
FR030375,0.170498,0
FR031391,0.753222,1
FR027377,0.254945,0
FR029706,0.464056,0
FR026831,0.137294,0
FR029314,0.339947,0
FR021242,0.066529,0
FR023661,0.271574,0
FR027373,0.286004,0
FR024603,0.643762,1
FR021331,0.236154,0
FR024119,0.083964,0
FR027767,0.267406,0
FR028024,0.181235,0
FR022375,0.326726,0
FR021887,0.097893,0
FR029140,0.130472,0
FR023485,0.025844,0
FR021630,0.571078,1
FR031256,0.215196,0
FR021024,0.273203,0
FR021404,0.142076,0
FR026354,0.299351,0
FR023540,0.445393,0
FR026445,0.130573,0
FR029656,0.147975,0
FR029771,0.456619,0
FR028683,0.098926,0
FR026107,0.230869,0
FR021779,0.191124,0
FR029181,0.174393,0
FR027453,0.118743,0
FR027002,0.328719,0
FR026927,0.171284,0
FR020673,0.281023,0
FR022145,0.476594,0
FR022818,0.09789,0
FR024727,0.100737,0
FR028833,0.248984,0
FR020859,0.374567,0
FR029346,0.252983,0
FR023497,0.129732,0
FR020104,0.186581,0
FR031604,0.369917,0
FR031625,0.354165,0
FR028151,0.363599,0
FR024677,0.379446,0
FR029059,0.285766,0
FR027967,0.216028,0
FR023677,0.396852,0
FR024317,0.125494,0
FR031142,0.136414,0
FR028446,0.218339,0
FR022110,0.389864,0
FR028953,0.180504,0
FR025967,0.456961,0
FR025441,0.179856,0
FR025351,0.256048,0
FR027658,0.438084,0
FR020416,0.250833,0
FR023286,0.157905,0
FR025832,0.192293,0
FR027830,0.17506,0
FR024011,0.148078,0
FR021347,0.117817,0
FR026374,0.753778,1
FR023930,0.925357,1
FR030378,0.494784,0
FR030494,0.256344,0
FR028286,0.679639,1
FR031885,0.129994,0
FR022158,0.260679,0
FR023941,0.41785,0
FR021752,0.122814,0
FR028467,0.187521,0
FR029197,0.118164,0
FR025004,0.311558,0
FR026695,0.308427,0
FR026986,0.468616,0
FR026698,0.139294,0
FR029284,0.547326,0
FR029427,0.286967,0
FR026352,0.162599,0
FR025080,0.356912,0
FR028839,0.306585,0
FR031830,0.150573,0
FR022195,0.054707,0
FR030024,0.241355,0
FR025575,0.281428,0
FR026249,0.836,1
FR027518,0.223557,0
FR022606,0.159699,0
FR023135,0.191714,0
FR031390,0.146938,0
FR021225,0.709679,1
FR029124,0.121208,0
FR022783,0.165595,0
FR025361,0.909824,1
FR023825,0.040878,0
FR022661,0.30444,0
FR026822,0.214113,0
FR027610,0.104925,0
FR025851,0.261241,0
FR028199,0.157075,0
FR031866,0.093182,0
FR026400,0.251789,0
FR027839,0.404943,0
FR025857,0.272459,0
FR025138,0.127417,0
FR029293,0.166407,0
FR025879,0.708062,1
FR022414,0.171586,0
FR029444,0.335074,0
FR031258,0.147941,0
FR027978,0.199737,0
FR030079,0.287607,0
FR020514,0.344344,0
FR029053,0.30013,0
FR025554,0.112623,0
FR031562,0.110378,0
FR021780,0.240993,0
FR024289,0.158753,0
FR028879,0.334214,0
FR024581,0.275043,0
FR021409,0.115696,0
FR029035,0.168243,0
FR022909,0.070966,0
FR030806,0.223432,0
FR025809,0.123464,0
FR024333,0.137629,0
FR023711,0.322418,0
FR029814,0.11535,0
FR025150,0.745657,1
FR023636,0.1132,0
FR022244,0.235996,0
FR021333,0.180393,0
FR025109,0.29421,0
FR020696,0.497734,0
FR024934,0.291429,0
FR024138,0.021243,0
FR023469,0.124882,0
FR020840,0.185376,0
FR020017,0.091999,0
FR021086,0.168741,0
FR028023,0.072107,0
FR030687,0.36039,0
FR031488,0.254029,0
FR031636,0.019813,0
FR030601,0.11722,0
FR027426,0.206134,0
FR027039,0.204591,0
FR026667,0.133328,0
FR021234,0.323964,0
FR029271,0.140705,0
FR029558,0.260648,0
FR029592,0.016777,0
FR025630,0.105227,0
FR022335,0.041775,0
FR025537,0.282896,0
FR021146,0.316179,0
FR025619,0.179781,0
FR022950,0.364193,0
FR020387,0.323932,0
FR026923,0.197441,0
FR023171,0.020299,0
FR028028,0.210235,0
FR024592,0.553518,0
FR031780,0.38205,0
FR025877,0.198916,0
FR028496,0.107557,0
FR020121,0.092116,0
FR026668,0.111297,0
FR031362,0.315619,0
FR027319,0.210877,0
FR029055,0.241656,0
FR027190,0.308303,0
FR030342,0.159338,0
FR030701,0.075677,0
FR022479,0.432682,0
FR023275,0.212745,0
FR023392,0.196135,0
FR028127,0.509315,0
FR022667,0.228325,0
FR031418,0.139378,0
FR024337,0.117766,0
FR024756,0.229934,0
FR027789,0.268249,0
FR023369,0.183126,0
FR031241,0.108508,0
FR030413,0.31709,0
FR026011,0.164205,0
FR026829,0.347081,0
FR024255,0.3868,0
FR030909,0.215389,0
FR028091,0.190373,0
FR025482,0.19276,0
FR027459,0.247969,0
FR020034,0.180098,0
FR022310,0.096279,0
FR022017,0.018164,0
FR031966,0.212628,0
FR023326,0.164927,0
FR027796,0.142434,0
FR026559,0.139653,0
FR020415,0.342575,0
FR031267,0.11539,0
FR023365,0.17349,0
FR031535,0.184103,0
FR025135,0.323395,0
FR027750,0.109066,0
FR020278,0.158158,0
FR027599,0.259795,0
FR030167,0.185573,0
FR021868,0.333472,0
FR023010,0.206154,0
FR025238,0.278262,0
FR027089,0.155448,0
FR026803,0.245386,0
FR021034,0.141361,0
FR026992,0.179344,0
FR027384,0.467126,0
FR028585,0.258187,0
FR023102,0.216407,0
FR025800,0.129313,0
FR020048,0.302042,0
FR026093,0.147452,0
FR030556,0.115173,0
FR028473,0.219774,0
FR020347,0.271042,0
FR027404,0.099708,0
FR024942,0.223626,0
FR022971,0.638477,1
FR020612,0.291578,0
FR026593,0.919808,1
FR025276,0.417347,0
FR030311,0.164284,0
FR025533,0.033521,0
FR031947,0.254007,0
FR024641,0.17113,0
FR030994,0.530846,0
FR030964,0.189884,0
FR030481,0.807514,1
FR020212,0.072865,0
FR031531,0.225178,0
FR021789,0.120228,0
FR025900,0.32092,0
FR029756,0.076299,0
FR021441,0.132883,0
FR029246,0.258383,0
FR023504,0.157019,0
FR024649,0.290786,0
FR025581,0.263695,0
FR029556,0.38501,0
FR028421,0.078239,0
FR028564,0.552779,0
FR022849,0.288965,0
FR021228,0.162352,0
FR020481,0.143714,0
FR021138,0.165945,0
FR024166,0.504214,0
FR026301,0.147705,0
FR027794,0.151664,0
FR020055,0.30876,0
FR028399,0.433864,0
FR024563,0.127489,0
FR020874,0.191519,0
FR027307,0.224874,0
FR026694,0.487456,0
FR025255,0.345602,0
FR023301,0.194792,0
FR020026,0.239955,0
FR023187,0.293977,0
FR022452,0.364735,0
FR021023,0.155554,0
FR027256,0.270606,0
FR020019,0.618654,1
FR030193,0.135659,0
FR030720,0.17416,0
FR023419,0.190674,0
FR026067,0.402202,0
FR029411,0.15461,0
FR027532,0.305025,0
FR028348,0.15463,0
FR031011,0.355571,0
FR023207,0.095387,0
FR022037,0.216188,0
FR030118,0.492979,0
FR027171,0.191002,0
FR030518,0.089047,0
FR022390,0.425905,0
FR029071,0.178493,0
FR025985,0.153626,0
FR021590,0.185406,0
FR023499,0.221649,0
FR031665,0.062656,0
FR028610,0.018973,0
FR029958,0.191191,0
FR025727,0.233084,0
FR029102,0.28822,0
FR023395,0.095357,0
FR027681,0.177235,0
FR030052,0.170002,0
FR022792,0.165891,0
FR029206,0.106946,0
FR030530,0.176854,0
FR022781,0.191669,0
FR030273,0.079855,0
FR020533,0.135196,0
FR026984,0.295574,0
FR024594,0.31214,0
FR030867,0.088895,0
FR025801,0.25957,0
FR027137,0.15906,0
FR028231,0.20883,0
FR026206,0.197848,0
FR030483,0.193215,0
FR022958,0.115198,0
FR029701,0.305941,0
FR027706,0.08646,0
FR024327,0.237479,0
FR023003,0.134734,0
FR023466,0.091709,0
FR020356,0.316582,0
FR020924,0.089564,0
FR020379,0.138012,0
FR029220,0.353234,0
FR030542,0.151696,0
FR021447,0.354642,0
FR025145,0.299856,0
FR028960,0.05637,0
FR022694,0.022768,0
FR031968,0.214443,0
FR021768,0.107903,0
FR031404,0.109598,0
FR029759,0.343468,0
FR027594,0.27834,0
FR020996,0.14608,0
FR030666,0.196519,0
FR022760,0.14502,0
FR020825,0.235235,0
FR031300,0.087231,0
FR028873,0.115377,0
FR030477,0.082513,0
FR021241,0.17259,0
FR030071,0.169698,0
FR026605,0.162377,0
FR020757,0.235055,0
FR023272,0.370835,0
FR031632,0.108413,0
FR029459,0.083906,0
FR028698,0.154134,0
FR027450,0.191978,0
FR022441,0.571623,1
FR028482,0.316033,0
FR031543,0.346349,0
FR021821,0.526577,0
FR029860,0.061908,0
FR024335,0.275222,0
FR021783,0.102458,0
FR021273,0.160606,0
FR027215,0.161373,0
FR025126,0.093371,0
FR029793,0.270375,0
FR023690,0.191389,0
FR022268,0.261695,0
FR029952,0.311469,0
FR023826,0.272686,0
FR028111,0.217649,0
FR027493,0.17299,0
FR028813,0.35278,0
FR030296,0.301008,0
FR030266,0.155535,0
FR020115,0.08515,0
FR030389,0.29377,0
FR020342,0.188249,0
FR026816,0.153518,0
FR021280,0.265173,0
FR030437,0.112095,0
FR022753,0.023815,0
FR031648,0.247088,0
FR021248,0.168722,0
FR026636,0.141585,0
FR021459,0.121478,0
FR025969,0.139631,0
FR028056,0.71144,1
FR022177,0.087237,0
FR028369,0.185383,0
FR029741,0.101936,0
FR027378,0.462791,0
FR021570,0.1966,0
FR021735,0.143819,0
FR024463,0.035883,0
FR020973,0.247771,0
FR024423,0.175702,0
FR022835,0.137561,0
FR031030,0.111577,0
FR022773,0.17515,0
FR030412,0.127922,0
FR025468,0.144394,0
FR027988,0.266718,0
FR022920,0.217544,0
FR027753,0.303643,0
FR022964,0.171302,0
FR023069,0.109115,0
FR031072,0.180545,0
FR031720,0.124586,0
FR021113,0.088573,0
FR025254,0.151752,0
FR020129,0.274004,0
FR021903,0.425604,0
FR029352,0.085804,0
FR023412,0.172284,0
FR025435,0.190626,0
FR022169,0.341062,0
FR023342,0.114958,0
FR029807,0.146468,0
FR021312,0.58543,1
FR020670,0.195788,0
FR026762,0.109835,0
FR029726,0.532647,0
FR023901,0.142502,0
FR031813,0.10469,0
FR027268,0.313454,0
FR022700,0.225855,0
FR029528,0.123809,0
FR024605,0.135762,0
FR024429,0.266269,0
FR021061,0.246479,0
FR020936,0.845921,1
FR026339,0.420448,0
FR024559,0.126045,0
FR026715,0.919961,1
FR027220,0.025762,0
FR027537,0.106166,0
FR022969,0.097446,0
FR026007,0.067018,0
FR028894,0.101623,0
FR020078,0.138122,0
FR030942,0.324395,0
FR024012,0.175255,0
FR025906,0.099699,0
FR028759,0.181393,0
FR024875,0.166426,0
FR030670,0.305528,0
FR025954,0.198195,0
FR028998,0.300324,0
FR021661,0.388674,0
FR028486,0.194657,0
FR027985,0.106807,0
FR025584,0.127632,0
FR021391,0.141163,0
FR020507,0.136165,0
FR030690,0.216082,0
FR024628,0.112954,0
FR025708,0.168935,0
FR021310,0.258443,0
FR026381,0.083363,0
FR022281,0.211052,0
FR022815,0.17835,0
FR031167,0.241918,0
FR022587,0.097902,0
FR022986,0.271098,0
FR026450,0.151231,0
FR021838,0.154176,0
FR023426,0.125401,0
FR027317,0.159645,0
FR021641,0.262599,0
FR021101,0.089593,0
FR031993,0.435336,0
FR026943,0.032771,0
FR020652,0.113313,0
FR025048,0.145089,0
FR020605,0.289787,0
FR025221,0.404703,0
FR027477,0.281039,0
FR026508,0.508696,0
FR031559,0.08119,0
FR021555,0.132029,0
FR028589,0.132261,0
FR026072,0.064616,0
FR023064,0.152285,0
FR026360,0.31294,0
FR021369,0.159794,0
FR023839,0.191067,0
FR030367,0.180505,0
FR031623,0.443798,0
FR023778,0.257082,0
FR021302,0.214183,0
FR023822,0.405619,0
FR021352,0.122614,0
FR030544,0.169689,0
FR025911,0.252421,0
FR031628,0.115016,0
FR020111,0.435476,0
FR020297,0.191912,0
FR020581,0.297548,0
FR021295,0.077813,0
FR026814,0.178949,0
FR027743,0.069465,0
FR025887,0.30889,0
FR023131,0.091239,0
FR026881,0.234797,0
FR024607,0.169226,0
FR031945,0.175117,0
FR027515,0.232903,0
FR020012,0.314975,0
FR027288,0.199618,0
FR031408,0.138739,0
FR024818,0.115952,0
FR025253,0.033316,0
FR026387,0.065416,0
FR031607,0.116814,0
FR022968,0.088071,0
FR029114,0.126909,0
FR026641,0.177931,0
FR020203,0.106786,0
FR025428,0.524008,0
FR025549,0.377254,0
FR026644,0.337304,0
FR026371,0.217604,0
FR029818,0.168423,0
FR028216,0.608002,1
FR026031,0.415082,0
FR028527,0.401063,0
FR020001,0.321323,0
FR027605,0.270402,0
FR025471,0.287866,0
FR020338,0.46484,0
FR028500,0.026483,0
FR031879,0.229375,0
FR027385,0.189557,0
FR028144,0.21742,0
FR030953,0.355518,0
FR025604,0.241071,0
FR027814,0.094635,0
FR022391,0.120744,0
FR024481,0.110922,0
FR030348,0.05123,0
FR026423,0.089387,0
FR025082,0.183272,0
FR022426,0.192102,0
FR029176,0.18803,0
FR023745,0.181669,0
FR029932,0.249982,0
FR030936,0.240376,0
FR031930,0.232121,0
FR025180,0.577771,1
FR026877,0.023748,0
FR023569,0.230417,0
FR025654,0.136125,0
FR027437,0.083302,0
FR031338,0.140021,0
FR020336,0.597661,1
FR023067,0.195768,0
FR023970,0.207123,0
FR029881,0.094567,0
FR029453,0.228134,0
FR025810,0.365096,0
FR028362,0.201623,0
FR029659,0.132229,0
FR023616,0.052613,0
FR031868,0.10045,0
FR028823,0.348448,0
FR026052,0.071685,0
FR026426,0.035101,0
FR023248,0.20307,0
FR024503,0.136138,0
FR021329,0.119969,0
FR026419,0.472913,0
FR031214,0.143536,0
FR026554,0.176099,0
FR021486,0.135274,0
FR030401,0.115137,0
FR024635,0.189523,0
FR022639,0.201665,0
FR024865,0.113134,0
FR024024,0.172677,0
FR030528,0.050214,0
FR025459,0.200283,0
FR026789,0.127644,0
FR030808,0.287461,0
FR022494,0.207974,0
FR025764,0.130141,0
FR023374,0.190484,0
FR022484,0.224109,0
FR028771,0.242283,0
FR029461,0.075123,0
FR022697,0.171747,0
FR030965,0.13265,0
FR024023,0.160204,0
FR026683,0.172645,0
FR030161,0.290826,0
FR024213,0.534926,0
FR030788,0.212681,0
FR024894,0.145438,0
FR029652,0.130852,0
FR027145,0.123149,0
FR027574,0.114947,0
FR024724,0.089002,0
FR030344,0.221068,0
FR024355,0.137636,0
FR022284,0.263874,0
FR025814,0.207214,0
FR026846,0.13865,0
FR020637,0.501343,0
FR021075,0.277593,0
FR024624,0.104721,0
FR026143,0.164536,0
FR021411,0.083833,0
FR031457,0.212336,0
FR029686,0.088521,0
FR022511,0.135469,0
FR022573,0.249879,0
FR020770,0.475008,0
FR030829,0.266023,0
FR026783,0.257079,0
FR027018,0.144237,0
FR030850,0.108765,0
FR030628,0.301858,0
FR028061,0.240938,0
FR020677,0.130654,0
FR029884,0.300946,0
FR026560,0.160049,0
FR023595,0.237428,0
FR030735,0.93576,1
FR026138,0.241283,0
FR029654,0.205915,0
FR022322,0.208348,0
FR024947,0.180539,0
FR025918,0.110559,0
FR026580,0.425746,0
FR028707,0.269986,0
FR029969,0.435366,0
FR029894,0.079089,0
FR028835,0.142562,0
FR025011,0.243355,0
FR022830,0.262722,0
FR025355,0.576855,1
FR029130,0.226345,0
FR023851,0.214916,0
FR025475,0.225868,0
FR026319,0.163415,0
FR026898,0.099385,0
FR025664,0.205219,0
FR021697,0.162798,0
FR030995,0.174119,0
FR025717,0.092644,0
FR030415,0.124535,0
FR020177,0.144577,0
FR022802,0.198682,0
FR020732,0.722804,1
FR025658,0.090465,0
FR028305,0.351888,0
FR030957,0.080025,0
FR023973,0.531924,0
FR023081,0.083293,0
FR029127,0.218764,0
FR022340,0.191356,0
FR022485,0.134228,0
FR028573,0.368613,0
FR028102,0.141837,0
FR021068,0.178055,0
FR022153,0.2318,0
FR031501,0.095091,0
FR028330,0.722792,1
FR021285,0.154038,0
FR026749,0.150563,0
FR027121,0.166375,0
FR031977,0.251741,0
FR031751,0.431562,0
FR031773,0.42516,0
FR026974,0.233305,0
FR031878,0.421549,0
FR027491,0.430146,0
FR025671,0.186852,0
FR025937,0.099252,0
FR024775,0.476336,0
FR026340,0.242507,0
FR030028,0.134805,0
FR023898,0.143861,0
FR020377,0.019269,0
FR025429,0.123254,0
FR022124,0.149156,0
FR022726,0.306673,0
FR030525,0.130102,0
FR026753,0.115659,0
FR024287,0.196282,0
FR031349,0.078808,0
FR025625,0.363476,0
FR021898,0.125245,0
FR025398,0.151816,0
FR028034,0.340543,0
FR027729,0.165652,0
FR031710,0.415876,0
FR028120,0.24135,0
FR022609,0.075143,0
FR024988,0.381329,0
FR021620,0.348622,0
FR023866,0.176392,0
FR021116,0.184609,0
FR024372,0.27084,0
FR023321,0.121117,0
FR029132,0.289434,0
FR026265,0.116954,0
FR024997,0.406445,0
FR026215,0.209517,0
FR022552,0.156608,0
FR025173,0.641256,1
FR023831,0.113925,0
FR031818,0.170817,0
FR021685,0.25277,0
FR022242,0.363889,0
FR022364,0.344785,0
FR023186,0.110231,0
FR023132,0.179582,0
FR025951,0.096816,0
FR031598,0.613171,1
FR020144,0.110011,0
FR023119,0.326216,0
FR025964,0.36949,0
FR022594,0.28779,0
FR028171,0.252413,0
FR022626,0.082061,0
FR030744,0.109762,0
FR023846,0.13755,0
FR031469,0.264546,0
FR031476,0.30879,0
FR026444,0.368361,0
FR026734,0.199449,0
FR027370,0.075948,0
FR022581,0.223055,0
FR021119,0.253575,0
FR029544,0.275674,0
FR031615,0.197209,0
FR020179,0.128157,0
FR020917,0.091092,0
FR024910,0.180185,0
FR020325,0.070064,0
FR031967,0.088722,0
FR020288,0.208371,0
FR024927,0.089147,0
FR027555,0.180567,0
FR029089,0.263761,0
FR030083,0.229741,0
FR029950,0.225393,0
FR026966,0.322246,0
FR021914,0.089885,0
FR025293,0.299749,0
FR029268,0.206965,0
FR028116,0.079607,0
FR027214,0.109003,0
FR023056,0.47101,0
FR022098,0.198036,0
FR028053,0.172728,0
FR030961,0.500204,0
FR023999,0.197929,0
FR025665,0.037273,0
FR020007,0.155468,0
FR024933,0.208285,0
FR030404,0.050506,0
FR027995,0.287852,0
FR026026,0.208735,0
FR026772,0.194052,0
FR028639,0.126821,0
FR026029,0.323618,0
FR020957,0.178861,0
FR020540,0.183141,0
FR030504,0.167319,0
FR021837,0.245456,0
FR029812,0.107078,0
FR024398,0.166147,0
FR028668,0.079065,0
FR023167,0.671307,1
FR027474,0.035219,0
FR024966,0.183431,0
FR020925,0.229922,0
FR023632,0.578716,1
FR029627,0.162756,0
FR023816,0.113795,0
FR022806,0.05579,0
FR027012,0.124291,0
FR029170,0.253143,0
FR022647,0.123138,0
FR028207,0.129591,0
FR030464,0.837193,1
FR031631,0.094788,0
FR025196,0.395424,0
FR031629,0.115025,0
FR026592,0.287831,0
FR023871,0.35251,0
FR031425,0.692822,1
FR028819,0.027451,0
FR028866,0.135655,0
FR028247,0.302149,0
FR024085,0.129032,0
FR022838,0.532205,0
FR025738,0.131223,0
FR026761,0.12385,0
FR021756,0.061989,0
FR020768,0.167293,0
FR030826,0.099779,0
FR028355,0.21254,0
FR023852,0.595482,1
FR030756,0.193762,0
FR025312,0.221232,0
FR024719,0.141605,0
FR024847,0.476909,0
FR029288,0.382058,0
FR029398,0.125293,0
FR026711,0.173639,0
FR028959,0.124774,0
FR031596,0.156875,0
FR028817,0.403312,0
FR021577,0.105656,0
FR022858,0.233842,0
FR029715,0.40547,0
FR020886,0.131061,0
FR023341,0.121623,0
FR031956,0.255088,0
FR029378,0.163291,0
FR026950,0.296238,0
FR026804,0.289836,0
FR028329,0.208473,0
FR024411,0.097478,0
FR030986,0.185879,0
FR024193,0.459998,0
FR026591,0.127259,0
FR026037,0.155195,0
FR024565,0.178911,0
FR022218,0.126351,0
FR031116,0.135272,0
FR024353,0.219494,0
FR022604,0.150552,0
FR020285,0.348538,0
FR029121,0.329442,0
FR023665,0.143164,0
FR020453,0.531379,0
FR022459,0.421218,0
FR020526,0.162499,0
FR023404,0.215617,0
FR028445,0.421236,0
FR030974,0.26082,0
FR020787,0.210828,0
FR031375,0.478036,0
FR025952,0.102258,0
FR025054,0.5162,0
FR021323,0.393078,0
FR029629,0.438304,0
FR031354,0.147409,0
FR023682,0.214214,0
FR023611,0.219145,0
FR024919,0.487133,0
FR025769,0.373721,0
FR023114,0.313571,0
FR024095,0.207544,0
FR022209,0.155463,0
FR024670,0.246059,0
FR026480,0.225385,0
FR025987,0.588644,1
FR020591,0.300134,0
FR020271,0.856607,1
FR024149,0.321662,0
FR029840,0.192476,0
FR031334,0.163546,0
FR029496,0.422778,0
FR022499,0.078235,0
FR028945,0.098429,0
FR026021,0.228404,0
FR022682,0.170553,0
FR030672,0.241529,0
FR023525,0.68856,1
FR028304,0.166245,0
FR021172,0.157911,0
FR021639,0.187168,0
FR028928,0.432035,0
FR027339,0.326523,0
FR029896,0.770557,1
FR022571,0.140575,0
FR028650,0.153507,0
FR025860,0.348299,0
FR023070,0.327849,0
FR026346,0.058532,0
FR025338,0.120572,0
FR023996,0.112654,0
FR021338,0.166005,0
FR031865,0.630052,1
FR023600,0.891296,1
FR030341,0.199967,0
FR020117,0.251712,0
FR031022,0.205385,0
FR023035,0.168662,0
FR022436,0.314942,0
FR023220,0.257441,0
FR020276,0.407389,0
FR021794,0.139568,0
FR024509,0.053895,0
FR022777,0.48461,0
FR031232,0.14804,0
FR028986,0.338858,0
FR030533,0.292917,0
FR020300,0.146361,0
FR029997,0.096755,0
FR021021,0.120021,0
FR029792,0.4648,0
FR022711,0.088436,0
FR025915,0.328503,0
FR025582,0.31504,0
FR030702,0.115,0
FR020921,0.117553,0
FR030877,0.350823,0
FR022303,0.210493,0
FR028402,0.255497,0
FR022872,0.334668,0
FR029007,0.140002,0
FR023751,0.318531,0
FR027855,0.260324,0
FR031716,0.128947,0
FR026692,0.257021,0
FR020681,0.139299,0
FR026631,0.172451,0
FR028413,0.284017,0
FR031802,0.225882,0
FR030659,0.590228,1
FR028760,0.095649,0
FR023591,0.572655,1
FR027588,0.258397,0
FR026313,0.141453,0
FR022134,0.282488,0
FR024000,0.114974,0
FR028935,0.453041,0
FR029920,0.386894,0
FR023111,0.151197,0
FR020275,0.158654,0
FR020195,0.603099,1
FR026388,0.200128,0
FR030291,0.078459,0
FR026464,0.030418,0
FR025518,0.182722,0
FR022173,0.131592,0
FR021477,0.152087,0
FR030513,0.794092,1
FR026648,0.762969,1
FR021342,0.023237,0
FR028885,0.274508,0
FR023366,0.230789,0
FR025564,0.252737,0
FR027218,0.181074,0
FR025865,0.372765,0
FR030277,0.113613,0
FR024348,0.360817,0
FR031223,0.076516,0
FR024390,0.206591,0
FR027076,0.336978,0
FR031467,0.469603,0
FR022147,0.174944,0
FR020128,0.41086,0
FR022769,0.110606,0
FR031246,0.187689,0
FR025237,0.258854,0
FR022043,0.188778,0
FR020731,0.223368,0
FR028455,0.46903,0
FR027826,0.273843,0
FR029341,0.257492,0
FR023610,0.152592,0
FR021822,0.194895,0
FR029867,0.155573,0
FR022075,0.248094,0
FR025067,0.362251,0
FR020894,0.173782,0
FR022490,0.244424,0
FR030009,0.579848,1
FR021795,0.63709,1
FR025231,0.176309,0
FR020730,0.228228,0
FR021921,0.14807,0
FR026115,0.417686,0
FR027178,0.073257,0
FR027383,0.138297,0
FR027318,0.427761,0
FR030261,0.074857,0
FR027611,0.400715,0
FR022160,0.188692,0
FR026125,0.172226,0
FR031754,0.263622,0
FR023260,0.099182,0
FR030572,0.396159,0
FR028480,0.096019,0
FR026119,0.606644,1
FR024953,0.113515,0
FR031036,0.198871,0
FR031456,0.344577,0
FR027914,0.340832,0
FR027255,0.138696,0
FR025920,0.189364,0
FR023156,0.291343,0
FR030759,0.144194,0
FR029069,0.624401,1
FR024812,0.155215,0
FR030144,0.302135,0
FR023128,0.088689,0
FR020815,0.213982,0
FR027186,0.10619,0
FR023385,0.195161,0
FR030887,0.143429,0
FR020398,0.257075,0
FR024610,0.289841,0
FR023151,0.131865,0
FR021579,0.157488,0
FR030632,0.452676,0
FR020006,0.643229,1
FR026628,0.302844,0
FR028461,0.154516,0
FR020694,0.182505,0
FR022438,0.129134,0
FR029221,0.711302,1
FR020486,0.115843,0
FR028744,0.120449,0
FR027115,0.021861,0
FR030190,0.088465,0
FR026315,0.763214,1
FR021057,0.029647,0
FR020014,0.245732,0
FR023606,0.462197,0
FR024802,0.272253,0
FR028019,0.146765,0
FR020834,0.379754,0
FR031062,0.097509,0
FR030557,0.079543,0
FR025379,0.26259,0
FR026793,0.092548,0
FR025715,0.230741,0
FR022311,0.207236,0
FR026691,0.158164,0
FR022141,0.364795,0
FR026970,0.443952,0
FR026361,0.097055,0
FR020575,0.156029,0
FR030843,0.151166,0
FR021160,0.091184,0
FR025336,0.187547,0
FR031774,0.055188,0
FR025943,0.112321,0
FR020013,0.053491,0
FR028232,0.0676,0
FR020537,0.192231,0
FR021713,0.337721,0
FR028748,0.192967,0
FR025192,0.296824,0
FR020695,0.170513,0
FR023189,0.433414,0
FR025052,0.136386,0
FR030142,0.25235,0
FR029362,0.189949,0
FR021884,0.154915,0
FR029327,0.378825,0
FR031766,0.130717,0
FR022755,0.174873,0
FR021930,0.299363,0
FR022487,0.101548,0
FR025019,0.410666,0
FR022443,0.333443,0
FR027725,0.364007,0
FR023517,0.107646,0
FR020850,0.234994,0
FR023691,0.312015,0
FR024345,0.294232,0
FR021883,0.228929,0
FR023216,0.15008,0
FR028342,0.109897,0
FR029923,0.58881,1
FR022598,0.111331,0
FR029943,0.191647,0
FR023494,0.423907,0
FR026347,0.199562,0
FR025419,0.235964,0
FR026199,0.342776,0
FR024738,0.152286,0
FR025246,0.335905,0
FR029740,0.352666,0
FR022850,0.173597,0
FR021999,0.160014,0
FR023437,0.236143,0
FR027024,0.0588,0
FR024743,0.856088,1
FR023929,0.30012,0
FR026630,0.337112,0
FR022997,0.310844,0
FR029685,0.175435,0
FR028350,0.071818,0
FR026243,0.078224,0
FR022285,0.177485,0
FR020442,0.690744,1
FR030817,0.163082,0
FR022976,0.172818,0
FR025557,0.274852,0
FR020510,0.602378,1
FR024265,0.180916,0
FR031196,0.184914,0
FR030656,0.530897,0
FR022503,0.218687,0
FR028030,0.318494,0
FR023274,0.320653,0
FR022384,0.210697,0
FR031853,0.34608,0
FR020027,0.123271,0
FR022643,0.633079,1
FR028072,0.470074,0
FR020411,0.252274,0
FR023811,0.189639,0
FR028132,0.129918,0
FR026611,0.210523,0
FR020946,0.752605,1
FR031261,0.310214,0
FR024259,0.175879,0
FR020357,0.22312,0
FR031996,0.175862,0
FR024533,0.18908,0
FR030486,0.124376,0
FR020746,0.126405,0
FR020991,0.41754,0
FR026042,0.021294,0
FR025927,0.111828,0
FR030894,0.345266,0
FR025558,0.276096,0
FR029417,0.136673,0
FR027466,0.082064,0
FR025862,0.144351,0
FR030781,0.167479,0
FR031859,0.138631,0
FR031557,0.296388,0
FR021880,0.102405,0
FR029963,0.178381,0
FR022720,0.339327,0
FR023196,0.127829,0
FR020384,0.379719,0
FR027172,0.264134,0
FR027573,0.375771,0
FR029425,0.125777,0
FR022927,0.406015,0
FR021071,0.131182,0
FR022737,0.073948,0
FR031424,0.442711,0
FR028411,0.05989,0
FR028468,0.391136,0
FR022130,0.292632,0
FR024761,0.137742,0
FR021569,0.169685,0
FR028619,0.25894,0
FR020343,0.256197,0
FR020844,0.272475,0
FR020184,0.138852,0
FR024324,0.156345,0
FR026556,0.312408,0
FR023587,0.081612,0
FR028653,0.546548,0
FR030182,0.259249,0
FR024387,0.379924,0
FR021798,0.355214,0
FR025388,0.250395,0
FR029275,0.2567,0
FR027405,0.190156,0
FR030451,0.479066,0
FR029281,0.222198,0
FR021747,0.090013,0
FR026009,0.027331,0
FR031345,0.112873,0
FR027045,0.094258,0
FR031847,0.040611,0
FR026485,0.166983,0
FR024153,0.91828,1
FR022243,0.125256,0
FR027280,0.438212,0
FR026873,0.155856,0
FR023528,0.263356,0
FR028796,0.187354,0
FR031722,0.206682,0
FR021271,0.178467,0
FR029941,0.522561,0
FR023912,0.294912,0
FR028975,0.180561,0
FR023242,0.100748,0
FR028994,0.354007,0
FR021839,0.223607,0
FR029388,0.417819,0
FR028769,0.237267,0
FR025989,0.368247,0
FR028687,0.390733,0
FR020761,0.202879,0
FR020327,0.403637,0
FR027739,0.122001,0
FR026261,0.164353,0
FR031107,0.11377,0
FR029689,0.143376,0
FR023442,0.184399,0
FR025078,0.474434,0
FR025660,0.199862,0
FR029261,0.257348,0
FR025668,0.162609,0
FR030292,0.068802,0
FR031045,0.240077,0
FR028923,0.346637,0
FR031052,0.120096,0
FR026309,0.155494,0
FR025844,0.399985,0
FR030352,0.31257,0
FR023624,0.150792,0
FR025084,0.179678,0
FR031839,0.156205,0
FR029348,0.165099,0
FR023239,0.071849,0
FR020913,0.528531,0
FR030842,0.109427,0
FR027668,0.503916,0
FR026583,0.284527,0
FR022820,0.25516,0
FR029106,0.06916,0
FR020057,0.325781,0
FR021002,0.069171,0
FR026166,0.150882,0
FR026891,0.14068,0
FR022354,0.119526,0
FR020606,0.067764,0
FR030896,0.296251,0
FR024354,0.178956,0
FR029252,0.104531,0
FR023087,0.480873,0
FR031428,0.070329,0
FR024932,0.143491,0
FR021162,0.516225,0
FR031035,0.337362,0
FR030934,0.322879,0
FR027533,0.348401,0
FR028731,0.123936,0
FR020515,0.014133,0
FR023931,0.092335,0
FR023739,0.23042,0
FR030499,0.334076,0
FR031265,0.298333,0
FR027770,0.315154,0
FR029437,0.015029,0
FR024830,0.160945,0
FR027381,0.374332,0
FR026678,0.18119,0
FR024210,0.192598,0
FR029020,0.436006,0
FR023061,0.170078,0
FR025616,0.243467,0
FR023372,0.218305,0
FR030101,0.247249,0
FR025757,0.329581,0
FR025275,0.186098,0
FR030595,0.376062,0
FR025983,0.327639,0
FR021288,0.086378,0
FR023278,0.657582,1
FR024636,0.123626,0
FR020236,0.286216,0
FR021137,0.017179,0
FR031492,0.602412,1
FR023020,0.061158,0
FR028890,0.327693,0
FR030204,0.111635,0
FR021574,0.625008,1
FR031954,0.471543,0
FR026918,0.202529,0
FR026557,0.09886,0
FR020359,0.186129,0
FR024596,0.236396,0
FR029784,0.440596,0
FR028757,0.353091,0
FR029603,0.342482,0
FR031443,0.2228,0
FR025669,0.095088,0
FR020701,0.281601,0
FR023604,0.097158,0
FR023807,0.15205,0
FR027324,0.197277,0
FR021315,0.196727,0
FR022155,0.144378,0
FR022526,0.255037,0
FR031303,0.502454,0
FR022983,0.413485,0
FR023710,0.037651,0
FR020174,0.198656,0
FR031646,0.3593,0
FR024296,0.088954,0
FR023833,0.39134,0
FR026062,0.321801,0
FR025866,0.148231,0
FR022032,0.454246,0
FR026491,0.226631,0
FR031445,0.351718,0
FR029199,0.422845,0
FR025741,0.469084,0
FR022038,0.136255,0
FR026004,0.197755,0
FR021359,0.195174,0
FR026977,0.081485,0
FR027157,0.178174,0
FR027332,0.113997,0
FR024535,0.179984,0
FR028999,0.28163,0
FR020582,0.184261,0
FR023713,0.107113,0
FR027402,0.093177,0
FR020460,0.213748,0
FR022634,0.540781,0
FR029368,0.686272,1
FR028485,0.127513,0
FR023718,0.191343,0
FR025990,0.085132,0
FR030206,0.165345,0
FR021032,0.21571,0
FR020053,0.142307,0
FR023157,0.688657,1
FR020279,0.189305,0
FR029014,0.252385,0
FR028536,0.148906,0
FR024058,0.12156,0
FR030950,0.126962,0
FR025807,0.104647,0
FR021133,0.365045,0
FR026537,0.021271,0
FR023464,0.135356,0
FR023129,0.282698,0
FR023436,0.032846,0
FR020954,0.42075,0
FR031253,0.532261,0
FR029718,0.136616,0
FR029917,0.388266,0
FR028289,0.191241,0
FR025824,0.345433,0
FR022693,0.194836,0
FR028017,0.353996,0
FR024405,0.168937,0
FR022721,0.242674,0
FR030442,0.338673,0
FR026020,0.19075,0
FR020022,0.215879,0
FR020358,0.148567,0
FR021424,0.198611,0
FR026794,0.443409,0
FR024152,0.135033,0
FR024100,0.113203,0
FR024985,0.183343,0
FR022022,0.069234,0
FR029837,0.27477,0
FR022297,0.197442,0
FR026884,0.275982,0
FR029196,0.254328,0
FR025212,0.05042,0
FR029306,0.184672,0
FR027638,0.233809,0
FR024062,0.413073,0
FR028620,0.28903,0
FR023058,0.487076,0
FR025699,0.143129,0
FR027797,0.209081,0
FR026463,0.121923,0
FR028853,0.140507,0
FR021480,0.282015,0
FR028021,0.080135,0
FR025755,0.175698,0
FR021781,0.126797,0
FR026059,0.119942,0
FR022488,0.130915,0
FR024165,0.070786,0
FR031177,0.245379,0
FR024798,0.322719,0
FR028726,0.19912,0
FR025259,0.160258,0
FR031926,0.203887,0
FR029746,0.148032,0
FR021153,0.192256,0
FR026005,0.224651,0
FR027075,0.363529,0
FR031798,0.125395,0
FR024230,0.090126,0
FR024215,0.282376,0
FR020805,0.895154,1
FR023869,0.177089,0
FR029947,0.164941,0
FR025251,0.285304,0
FR020407,0.319536,0
FR024518,0.224217,0
FR020998,0.286283,0
FR027418,0.218855,0
FR027740,0.241775,0
FR023637,0.274347,0
FR020790,0.330992,0
FR031910,0.114038,0
FR024823,0.265392,0
FR020971,0.141667,0
FR030933,0.221441,0
FR023536,0.218413,0
FR025737,0.410202,0
FR031421,0.075579,0
FR028947,0.309255,0
FR028052,0.157721,0
FR025185,0.559364,1
FR023482,0.130403,0
FR027944,0.280952,0
FR026012,0.157297,0
FR026496,0.216745,0
FR025282,0.238631,0
FR021287,0.121529,0
FR030267,0.260216,0
FR020480,0.166505,0
FR028147,0.677145,1
FR026705,0.41327,0
FR031497,0.198801,0
FR030816,0.137384,0
FR025960,0.452356,0
FR020049,0.329279,0
FR024171,0.336573,0
FR028044,0.162708,0
FR025871,0.200824,0
FR025837,0.283076,0
FR024368,0.093173,0
FR027238,0.147949,0
FR029167,0.257188,0
FR027603,0.711586,1
FR026656,0.230363,0
FR028913,0.182641,0
FR025023,0.108652,0
FR026200,0.264826,0
FR020393,0.109694,0
FR028741,0.354659,0
FR024519,0.118686,0
FR020594,0.496832,0
FR030230,0.062472,0
FR027198,0.105805,0
FR028479,0.260262,0
FR028598,0.171909,0
FR030733,0.4321,0
FR022819,0.129751,0
FR024948,0.268322,0
FR020469,0.138468,0
FR030813,0.158923,0
FR029077,0.237015,0
FR023184,0.388174,0
FR023221,0.390653,0
FR021580,0.311223,0
FR022744,0.713486,1
FR022308,0.038015,0
FR029012,0.169596,0
FR028560,0.369046,0
FR029862,0.252364,0
FR028104,0.273575,0
FR031407,0.263921,0
FR029660,0.015999,0
FR029913,0.268204,0
FR030432,0.111163,0
FR030922,0.131573,0
FR025114,0.108268,0
FR031436,0.083861,0
FR024555,0.180175,0
FR027548,0.183737,0
FR025823,0.349177,0
FR028939,0.371082,0
FR024566,0.064622,0
FR021317,0.137185,0
FR026087,0.1266,0
FR025257,0.125906,0
FR022923,0.201674,0
FR026230,0.132433,0
FR028328,0.148023,0
FR022296,0.310572,0
FR027562,0.487879,0
FR029709,0.189354,0
FR020592,0.126458,0
FR030242,0.257192,0
FR023942,0.14955,0
FR031867,0.098076,0
FR031468,0.221622,0
FR023158,0.065943,0
FR028456,0.329419,0
FR021254,0.689356,1
FR027684,0.236612,0
FR023502,0.095989,0
FR023391,0.197428,0
FR028276,0.167289,0
FR028027,0.132975,0
FR028924,0.126292,0
FR025620,0.239335,0
FR028162,0.341532,0
FR030700,0.283695,0
FR025687,0.126226,0
FR029323,0.256431,0
FR020945,0.128986,0
FR022407,0.480518,0
FR028365,0.188073,0
FR031893,0.183012,0
FR027822,0.1784,0
FR026233,0.327024,0
FR022637,0.079817,0
FR031757,0.266269,0
FR021158,0.087412,0
FR025269,0.230637,0
FR029422,0.708553,1
FR028524,0.11856,0
FR020463,0.281904,0
FR029949,0.114662,0
FR025064,0.411098,0
FR029286,0.304186,0
FR031462,0.41278,0
FR025861,0.295679,0
FR027898,0.187745,0
FR029426,0.642894,1
FR020895,0.203195,0
FR022834,0.141413,0
FR021807,0.306949,0
FR031233,0.165697,0
FR031921,0.180887,0
FR020968,0.148476,0
FR020417,0.099937,0
FR029737,0.471983,0
FR025194,0.67812,1
FR026460,0.16124,0
FR023805,0.140229,0
FR030103,0.241068,0
FR022695,0.045356,0
FR026562,0.128758,0
FR028109,0.227794,0
FR027514,0.133422,0
FR027500,0.229779,0
FR029614,0.549045,0
FR020966,0.176807,0
FR020714,0.262043,0
FR024121,0.317998,0
FR028010,0.338282,0
FR028680,0.402869,0
FR021360,0.384117,0
FR023553,0.120142,0
FR023703,0.476353,0
FR026565,0.559856,1
FR031270,0.122518,0
FR020658,0.879644,1
FR031533,0.327366,0
FR022584,0.121553,0
FR029817,0.072255,0
FR021194,0.12836,0
FR023956,0.421973,0
FR024813,0.246965,0
FR030073,0.212764,0
FR025934,0.283327,0
FR023261,0.248232,0
FR029733,0.305611,0
FR031230,0.363685,0
FR024666,0.182474,0
FR020809,0.140714,0
FR024403,0.186662,0
FR026807,0.108302,0
FR025783,0.102479,0
FR028263,0.489805,0
FR026575,0.276392,0
FR026001,0.073695,0
FR027032,0.303791,0
FR023347,0.278276,0
FR020900,0.773952,1
FR029060,0.055238,0
FR022842,0.019529,0
FR025788,0.899863,1
FR030925,0.337356,0
FR024920,0.07737,0
FR025965,0.268789,0
FR025888,0.308472,0
FR026359,0.156397,0
FR021889,0.091477,0
FR028288,0.121225,0
FR020854,0.330731,0
FR028515,0.141895,0
FR029878,0.052943,0
FR021949,0.097126,0
FR031397,0.090824,0
FR030308,0.122732,0
FR030893,0.3322,0
FR025322,0.267078,0
FR026180,0.112948,0
FR025360,0.118453,0
FR028475,0.24427,0
FR027998,0.361034,0
FR021084,0.313355,0
FR021373,0.14926,0
FR031988,0.493578,0
FR026392,0.118301,0
FR023122,0.510301,0
FR025147,0.356182,0
FR021732,0.057157,0
FR026690,0.216153,0
FR023417,0.189798,0
FR024049,0.124018,0
FR031109,0.166803,0
FR023549,0.289632,0
FR026262,0.253369,0
FR028800,0.12284,0
FR027916,0.022537,0
FR022213,0.274395,0
FR021213,0.355565,0
FR022734,0.235582,0
FR029185,0.200136,0
FR026436,0.364697,0
FR020553,0.141806,0
FR027227,0.02319,0
FR022400,0.151321,0
FR021417,0.265625,0
FR021472,0.147706,0
FR030976,0.172692,0
FR027653,0.243458,0
FR024750,0.121704,0
FR025007,0.55269,0
FR030987,0.09512,0
FR023613,0.136994,0
FR020922,0.21013,0
FR028922,0.16581,0
FR031934,0.374563,0
FR027488,0.27508,0
FR026993,0.359488,0
FR023882,0.295303,0
FR024158,0.24733,0
FR020814,0.173722,0
FR031008,0.453738,0
FR026527,0.106208,0
FR022231,0.10601,0
FR031274,0.122673,0
FR021481,0.0209,0
FR025059,0.628785,1
FR022361,0.102822,0
FR028118,0.782778,1
FR027055,0.102977,0
FR030248,0.232583,0
FR020265,0.115389,0
FR023149,0.220298,0
FR029122,0.21098,0
FR030750,0.261755,0
FR023773,0.210535,0
FR027648,0.427821,0
FR020710,0.269591,0
FR025098,0.102788,0
FR031344,0.161471,0
FR025993,0.171401,0
FR024680,0.38287,0
FR030754,0.198474,0
FR026082,0.111908,0
FR027631,0.227627,0
FR022993,0.307051,0
FR028818,0.222573,0
FR020632,0.175708,0
FR021867,0.35613,0
FR020447,0.248064,0
FR023879,0.163054,0
FR031586,0.127484,0
FR029578,0.269968,0
FR028755,0.214554,0
FR028918,0.084405,0
FR028084,0.177316,0
FR029162,0.217318,0
FR028592,0.577725,1
FR031028,0.163088,0
FR021487,0.130427,0
FR030516,0.297151,0
FR025884,0.267835,0
FR022946,0.095264,0
FR023126,0.254365,0
FR024156,0.54515,0
FR030774,0.268381,0
FR022388,0.096107,0
FR020674,0.060154,0
FR022433,0.363209,0
FR029083,0.169354,0
FR025799,0.113897,0
FR023512,0.65031,1
FR023185,0.254407,0
FR020989,0.205132,0
FR022162,0.202736,0
FR031291,0.198129,0
FR020948,0.217945,0
FR021565,0.109809,0
FR022895,0.084841,0
FR028278,0.28808,0
FR024556,0.674021,1
FR030830,0.309568,0
FR031006,0.161179,0
FR031529,0.166669,0
FR027586,0.112605,0
FR020656,0.428351,0
FR022240,0.321236,0
FR020323,0.348391,0
FR030787,0.172263,0
FR024759,0.095108,0
FR029636,0.137699,0
FR020156,0.092626,0
FR027204,0.08618,0
FR029134,0.218456,0
FR025470,0.132689,0
FR023048,0.252225,0
FR020807,0.126917,0
FR028227,0.107122,0
FR029361,0.211921,0
FR031610,0.240758,0
FR026882,0.328194,0
FR028605,0.515906,0
FR025207,0.196082,0
FR031924,0.313086,0
FR027722,0.273502,0
FR031130,0.192961,0
FR029536,0.093903,0
FR020226,0.372508,0
FR023927,0.094585,0
FR022062,0.283198,0
FR027154,0.297687,0
FR025149,0.195445,0
FR021682,0.384581,0
FR030131,0.202056,0
FR020218,0.186641,0
FR030396,0.135197,0
FR022572,0.190252,0
FR031633,0.099395,0
FR030119,0.191053,0
FR027918,0.32589,0
FR031029,0.1814,0
FR028712,0.866752,1
FR021184,0.195581,0
FR024227,0.289577,0
FR020933,0.215993,0
FR025430,0.330708,0
FR030443,0.346943,0
FR026212,0.2787,0
FR027712,0.309129,0
FR028735,0.121726,0
FR023776,0.207604,0
FR020244,0.915297,1
FR027393,0.187526,0
FR021261,0.020318,0
FR025905,0.225661,0
FR026120,0.225649,0
FR020441,0.17668,0
FR021281,0.102904,0
FR031600,0.23422,0
FR022249,0.663587,1
FR026321,0.202328,0
FR025110,0.155437,0
FR020061,0.25087,0
FR020680,0.15504,0
FR029633,0.479435,0
FR021857,0.187533,0
FR031350,0.147439,0
FR028110,0.244791,0
FR022651,0.091122,0
FR024288,0.157867,0
FR025593,0.647069,1
FR029171,0.034975,0
FR020865,0.130241,0
FR023199,0.184096,0
FR024140,0.203862,0
FR022439,0.158796,0
FR031157,0.18934,0
FR029567,0.568107,1
FR023764,0.307692,0
FR022903,0.384418,0
FR031305,0.415386,0
FR031888,0.17929,0
FR027977,0.26637,0
FR025306,0.158279,0
FR021045,0.103091,0
FR025439,0.158285,0
FR024515,0.3576,0
FR024116,0.320376,0
FR022012,0.42105,0
FR027314,0.078613,0
FR027884,0.10121,0
FR030636,0.225649,0
FR029034,0.398522,0
FR025405,0.357621,0
FR030385,0.142755,0
FR022305,0.349763,0
FR023770,0.245889,0
FR021469,0.261461,0
FR023786,0.208703,0
FR021196,0.174379,0
FR028256,0.391755,0
FR025677,0.201562,0
FR023254,0.146891,0
FR024122,0.173323,0
FR022684,0.435947,0
FR024978,0.180981,0
FR027835,0.167483,0
FR025081,0.145024,0
FR024224,0.233337,0
FR020647,0.390077,0
FR022562,0.129094,0
FR020521,0.19268,0
FR030246,0.105232,0
FR031825,0.128677,0
FR021890,0.104183,0
FR025565,0.193851,0
FR023741,0.124788,0
FR025538,0.273402,0
FR026798,0.359146,0
FR024439,0.306667,0
FR025371,0.099107,0
FR026699,0.348027,0
FR021181,0.242976,0
FR021875,0.184239,0
FR031419,0.393557,0
FR021169,0.112952,0
FR024685,0.346023,0
FR031025,0.155469,0
FR026623,0.227799,0
FR020390,0.263372,0
FR024174,0.047351,0
FR028152,0.435314,0
FR026157,0.41785,0
FR030638,0.202898,0
FR021531,0.36516,0
FR031049,0.424653,0
FR029042,0.115296,0
FR028872,0.176403,0
FR023868,0.194893,0
FR030977,0.318236,0
FR029429,0.248765,0
FR023203,0.281718,0
FR024469,0.172718,0
FR027291,0.411712,0
FR029975,0.270358,0
FR029008,0.116987,0
FR026408,0.293974,0
FR024072,0.483385,0
FR024887,0.228543,0
FR028587,0.268857,0
FR020793,0.198586,0
FR028073,0.338752,0
FR021269,0.140659,0
FR022027,0.123888,0
FR027922,0.216153,0
FR028146,0.270317,0
FR020707,0.126643,0
FR022353,0.629713,1
FR022298,0.476178,0
FR021348,0.155389,0
FR023450,0.158399,0
FR028815,0.165611,0
FR031955,0.072316,0
FR020655,0.333707,0
FR024902,0.271593,0
FR021199,0.06619,0
FR029835,0.186307,0
FR027478,0.218345,0
FR026569,0.307227,0
FR031641,0.383679,0
FR021446,0.371263,0
FR023962,0.10795,0
FR028704,0.163786,0
FR021957,0.106096,0
FR025932,0.269227,0
FR021167,0.360383,0
FR028693,0.457232,0
FR025120,0.217583,0
FR029506,0.204615,0
FR020829,0.364677,0
FR029597,0.241813,0
FR022129,0.214239,0
FR027856,0.142036,0
FR025629,0.335226,0
FR031517,0.24552,0
FR030047,0.393422,0
FR021566,0.141615,0
FR026122,0.159055,0
FR026431,0.116888,0
FR022540,0.071641,0
FR030473,0.169085,0
FR028941,0.103428,0
FR022454,0.908463,1
FR031284,0.313859,0
FR025928,0.359091,0
FR020468,0.408428,0
FR024633,0.269446,0
FR028245,0.220844,0
FR021212,0.320119,0
FR030491,0.423562,0
FR024294,0.240551,0
FR026710,0.223132,0
FR027114,0.177317,0
FR023285,0.22225,0
FR030332,0.126348,0
FR023223,0.892944,1
FR026228,0.101013,0
FR025266,0.179624,0
FR025713,0.351645,0
FR031141,0.340863,0
FR030191,0.26709,0
FR028676,0.485152,0
FR029507,0.057399,0
FR023236,0.745491,1
FR029219,0.183325,0
FR024199,0.244151,0
FR029490,0.260061,0
FR022448,0.343314,0
FR025473,0.277103,0
FR026310,0.272821,0
FR030027,0.081777,0
FR028319,0.377427,0
FR021864,0.147442,0
FR030923,0.343714,0
FR022435,0.191109,0
FR028125,0.135143,0
FR030980,0.13305,0
FR030569,0.374287,0
FR026434,0.383296,0
FR023422,0.214001,0
FR026585,0.102504,0
FR029560,0.196951,0
FR031831,0.179492,0
FR031991,0.183021,0
FR025674,0.135349,0
FR025980,0.34629,0
FR022301,0.419937,0
FR027890,0.278289,0
FR024079,0.192593,0
FR021854,0.167259,0
FR027877,0.055227,0
FR028997,0.453438,0
FR029205,0.208577,0
FR020901,0.09236,0
FR026999,0.087801,0
FR031706,0.518911,0
FR029789,0.188338,0
FR022945,0.193239,0
FR028559,0.243942,0
FR031220,0.249813,0
FR020833,0.315928,0
FR027516,0.36054,0
FR021600,0.293026,0
FR021521,0.314918,0
FR029621,0.148189,0
FR024735,0.159455,0
FR022985,0.082786,0
FR031782,0.071899,0
FR023428,0.019892,0
FR022702,0.211499,0
FR027630,0.445599,0
FR026479,0.197336,0
FR024036,0.195787,0
FR024736,0.410093,0
FR031654,0.254105,0
FR020892,0.261982,0
FR031703,0.21996,0
FR026743,0.872662,1
FR020459,0.237744,0
FR022856,0.176049,0
FR026570,0.372254,0
FR021393,0.136115,0
FR029119,0.507727,0
FR026730,0.456538,0
FR020838,0.25901,0
FR029580,0.01977,0
FR023368,0.176267,0
FR024564,0.122288,0
FR027813,0.148299,0
FR029046,0.135247,0
FR030866,0.029025,0
FR028609,0.02531,0
FR028159,0.161756,0
FR022662,0.088626,0
FR029477,0.135299,0
FR030592,0.448617,0
FR030299,0.310246,0
FR025485,0.267247,0
FR023527,0.243698,0
FR028409,0.159395,0
FR020125,0.096651,0
FR023940,0.352257,0
FR021962,0.095747,0
FR026540,0.921609,1
FR020618,0.366749,0
FR021365,0.239703,0
FR028666,0.147104,0
FR020811,0.220384,0
FR024815,0.164472,0
FR025986,0.1535,0
FR022437,0.099909,0
FR029466,0.234238,0
FR027746,0.171284,0
FR020147,0.191582,0
FR025547,0.346951,0
FR029126,0.166596,0
FR020047,0.408209,0
FR030553,0.141106,0
FR031401,0.40291,0
FR031928,0.57237,1
FR030560,0.125054,0
FR026248,0.11871,0
FR024646,0.931431,1
FR023609,0.139851,0
FR029301,0.178412,0
FR026078,0.234905,0
FR020020,0.229464,0
FR028858,0.22368,0
FR025479,0.129447,0
FR025193,0.397779,0
FR027158,0.279704,0
FR030457,0.198101,0
FR024791,0.26548,0
FR025402,0.191905,0
FR024604,0.179138,0
FR023227,0.192577,0
FR023561,0.28112,0
FR031862,0.539403,0
FR028370,0.131051,0
FR024936,0.200635,0
FR030427,0.192614,0
FR026149,0.308278,0
FR021572,0.155573,0
FR020039,0.110626,0
FR021253,0.25928,0
FR026995,0.13985,0
FR022889,0.447856,0
FR026775,0.17572,0
FR027870,0.280945,0
FR029753,0.116659,0
FR020280,0.128116,0
FR029344,0.447276,0
FR022223,0.117439,0
FR021877,0.270895,0
FR030082,0.528052,0
FR029400,0.361109,0
FR022379,0.368282,0
FR024009,0.121449,0
FR026679,0.125589,0
FR027150,0.228808,0
FR030218,0.188061,0
FR031014,0.342716,0
FR031687,0.120488,0
FR025105,0.015979,0
FR024554,0.032742,0
FR020785,0.025965,0
FR022478,0.336029,0
FR031324,0.13076,0
FR030926,0.173049,0
FR025598,0.144292,0
FR023638,0.270004,0
FR024629,0.168499,0
FR023733,0.031983,0
FR029475,0.104162,0
FR022928,0.106429,0
FR024314,0.221628,0
FR022339,0.269436,0
FR027654,0.2798,0
FR026023,0.213593,0
FR022102,0.417509,0
FR028420,0.195805,0
FR030438,0.91526,1
FR031374,0.244323,0
FR026663,0.086552,0
FR031820,0.227854,0
FR025785,0.115523,0
FR031465,0.452918,0
FR030579,0.15693,0
FR024908,0.21485,0
FR021878,0.028263,0
FR026304,0.09385,0
FR023449,0.105861,0
FR023375,0.096293,0
FR022104,0.073801,0
FR031207,0.243628,0
FR021381,0.143393,0
FR026411,0.189512,0
FR031146,0.352127,0
FR021859,0.116035,0
FR024307,0.224331,0
FR026349,0.162131,0
FR022408,0.03135,0
FR027224,0.226517,0
FR024052,0.137901,0
FR029973,0.132823,0
FR020371,0.481432,0
FR022226,0.199734,0
FR031124,0.172326,0
FR030458,0.170931,0
FR025958,0.025662,0
FR024480,0.127528,0
FR028453,0.417893,0
FR027881,0.328088,0
FR025692,0.144924,0
FR023592,0.031069,0
FR027522,0.259656,0
FR031704,0.10358,0
FR029820,0.08531,0
FR024883,0.038758,0
FR022869,0.317711,0
FR024305,0.147024,0
FR029138,0.097437,0
FR025328,0.206199,0
FR022001,0.086764,0
FR020659,0.529672,0
FR025113,0.189328,0
FR022079,0.265157,0
FR030526,0.343149,0
FR026459,0.400123,0
FR023796,0.173746,0
FR025615,0.174044,0
FR028366,0.181891,0
FR024074,0.217208,0
FR031385,0.508493,0
FR022445,0.132607,0
FR028393,0.191654,0
FR029451,0.612919,1
FR021975,0.455539,0
FR029080,0.120739,0
FR030272,0.38572,0
FR021402,0.342862,0
FR028134,0.150643,0
FR026676,0.717493,1
FR025130,0.124823,0
FR031809,0.145405,0
FR025808,0.104616,0
FR030363,0.272605,0
FR027017,0.350825,0
FR029312,0.102495,0
FR027149,0.259237,0
FR027703,0.330331,0
FR024306,0.397964,0
FR025745,0.151265,0
FR028702,0.391973,0
FR025483,0.315853,0
FR021190,0.388254,0
FR021800,0.163098,0
FR028070,0.19612,0
FR024131,0.190894,0
FR026733,0.307435,0
FR022070,0.257073,0
FR026403,0.118696,0
FR022368,0.132181,0
FR021114,0.142872,0
FR027723,0.097071,0
FR020504,0.208682,0
FR020613,0.100974,0
FR031979,0.140909,0
FR023958,0.217643,0
FR031044,0.154335,0
FR031075,0.19573,0
FR021087,0.238417,0
FR022575,0.223352,0
FR021216,0.314491,0
FR030172,0.458683,0
FR029485,0.216733,0
FR027939,0.091409,0
FR029290,0.266186,0
FR025262,0.312381,0
FR023455,0.425888,0
FR023358,0.100748,0
FR026467,0.128413,0
FR028048,0.0945,0
FR030312,0.114775,0
FR022878,0.367333,0
FR031281,0.027673,0
FR021154,0.095538,0
FR022612,0.181162,0
FR024915,0.137511,0
FR020552,0.316609,0
FR026904,0.063084,0
FR020456,0.214469,0
FR029076,0.175266,0
FR026982,0.261181,0
FR030337,0.222019,0
FR022523,0.130091,0
FR023765,0.302073,0
FR024464,0.117878,0
FR022360,0.450601,0
FR023936,0.123057,0
FR027527,0.021287,0
FR022501,0.124665,0
FR020025,0.546148,0
FR027716,0.231684,0
FR024742,0.308817,0
FR023622,0.122258,0
FR029735,0.374753,0
FR030710,0.120785,0
FR026345,0.239795,0
FR021262,0.277768,0
FR028285,0.123923,0
FR021201,0.322274,0
FR021593,0.166158,0
FR031506,0.332643,0
FR022549,0.189776,0
FR027197,0.725891,1
FR029653,0.303591,0
FR027502,0.331767,0
FR024178,0.296318,0
FR020867,0.202669,0
FR026991,0.890396,1
FR026276,0.206769,0
FR022317,0.223668,0
FR030907,0.17461,0
FR029773,0.044708,0
FR029118,0.204894,0
FR022977,0.022776,0
FR021973,0.135288,0
FR025806,0.184918,0
FR027229,0.352467,0
FR028582,0.114812,0
FR026035,0.201223,0
FR027810,0.282101,0
FR022402,0.349735,0
FR020767,0.066108,0
FR026777,0.752356,1
FR029772,0.101869,0
FR021048,0.525214,0
FR021351,0.180543,0
FR031889,0.11648,0
FR029248,0.025092,0
FR027058,0.690382,1
FR022778,0.218642,0
FR027387,0.442857,0
FR022603,0.164295,0
FR029141,0.146717,0
FR028725,0.185163,0
FR023405,0.236394,0
FR025908,0.237103,0
FR028356,0.165181,0
FR022274,0.196117,0
FR025863,0.088609,0
FR023130,0.261281,0
FR031982,0.144937,0
FR023498,0.176258,0
FR029645,0.059002,0
FR023180,0.279674,0
FR028551,0.334528,0
FR021340,0.152953,0
FR029710,0.379274,0
FR021944,0.419735,0
FR020217,0.233122,0
FR022545,0.267756,0
FR021744,0.238287,0
FR026759,0.10671,0
FR027808,0.359128,0
FR031875,0.216939,0
FR027129,0.151832,0
FR020944,0.117062,0
FR030522,0.222012,0
FR025505,0.098622,0
FR020139,0.093914,0
FR027118,0.157646,0
FR024057,0.117903,0
FR026579,0.097417,0
FR023174,0.208044,0
FR029245,0.266352,0
FR022586,0.279414,0
FR022185,0.140059,0
FR029870,0.077288,0
FR020067,0.358483,0
FR023617,0.1613,0
FR031123,0.296224,0
FR029747,0.636928,1
FR024621,0.145474,0
FR021350,0.099232,0
FR022471,0.189355,0
FR028364,0.279448,0
FR028107,0.451869,0
FR029494,0.125194,0
FR023567,0.155392,0
FR023674,0.186315,0
FR026446,0.275766,0
FR029833,0.091078,0
FR031382,0.578056,1
FR029511,0.129149,0
FR031570,0.326323,0
FR031493,0.056201,0
FR023987,0.176683,0
FR022544,0.348467,0
FR022509,0.354051,0
FR020792,0.231326,0
FR021339,0.213662,0
FR021193,0.603031,1
FR031023,0.155284,0
FR026184,0.157639,0
FR023373,0.370048,0
FR023548,0.419972,0
FR020242,0.725198,1
FR025528,0.405135,0
FR029510,0.090933,0
FR027619,0.085443,0
FR024070,0.166109,0
FR023328,0.143498,0
FR023653,0.071706,0
FR026333,0.454513,0
FR023423,0.121248,0
FR025825,0.310601,0
FR023256,0.11486,0
FR027263,0.263951,0
FR027169,0.300439,0
FR030831,0.113061,0
FR031387,0.065423,0
FR026795,0.093373,0
FR023758,0.096796,0
FR024437,0.356956,0
FR022645,0.134828,0
FR026167,0.112954,0
FR021924,0.100926,0
FR024219,0.378078,0
FR024357,0.220721,0
FR022277,0.184358,0
FR030583,0.145472,0
FR028423,0.545928,0
FR023656,0.153529,0
FR025376,0.093963,0
FR021007,0.357657,0
FR022978,0.116795,0
FR020213,0.461496,0
FR031368,0.196012,0
FR024589,0.150864,0
FR020563,0.267599,0
FR025144,0.140147,0
FR029421,0.105744,0
FR021954,0.182044,0
FR021374,0.302341,0
FR022569,0.194063,0
FR024117,0.373995,0
FR029602,0.149312,0
FR022672,0.079887,0
FR030661,0.161518,0
FR029172,0.233957,0
FR028887,0.474221,0
FR030136,0.177926,0
FR028927,0.28279,0
FR030599,0.046002,0
FR028971,0.285641,0
FR024917,0.377236,0
FR025963,0.166904,0
FR025474,0.198471,0
FR021129,0.131379,0
FR022911,0.261226,0
FR022287,0.129647,0
FR029063,0.236731,0
FR028904,0.131354,0
FR024886,0.303836,0
FR020755,0.738645,1
FR022745,0.20081,0
FR021156,0.40361,0
FR031331,0.203327,0
FR021123,0.369995,0
FR028809,0.100579,0
FR021815,0.078462,0
FR030383,0.016295,0
FR027618,0.368932,0
FR021816,0.135654,0
FR031060,0.285247,0
FR028069,0.287378,0
FR029078,0.176666,0
FR027015,0.541641,0
FR028708,0.348443,0
FR022508,0.247977,0
FR030991,0.323985,0
FR030946,0.107517,0
FR021037,0.214004,0
FR028392,0.204479,0
FR028907,0.141352,0
FR030055,0.082097,0
FR030865,0.427931,0
FR022937,0.354098,0
FR028874,0.155536,0
FR027217,0.068977,0
FR030873,0.307909,0
FR029800,0.285072,0
FR025921,0.131612,0
FR029543,0.074647,0
FR023109,0.83525,1
FR031132,0.311558,0
FR030978,0.164469,0
FR022859,0.051762,0
FR029572,0.114214,0
FR025843,0.05813,0
FR026957,0.242609,0
FR031046,0.154326,0
FR024447,0.15898,0
FR021033,0.227042,0
FR030724,0.125056,0
FR030805,0.196529,0
FR026146,0.295718,0
FR028042,0.252458,0
FR028233,0.085384,0
FR022563,0.082358,0
FR022786,0.350319,0
FR025765,0.164462,0
FR021773,0.204337,0
FR024282,0.083639,0
FR027969,0.216168,0
FR027528,0.242198,0
FR030529,0.586247,1
FR027817,0.445439,0
FR027302,0.25447,0
FR023895,0.190006,0
FR022181,0.151546,0
FR029335,0.049087,0
FR026129,0.913873,1
FR025083,0.130146,0
FR030057,0.30392,0
FR024126,0.114652,0
FR024579,0.224054,0
FR028964,0.370884,0
FR024673,0.144404,0
FR031173,0.074266,0
FR020743,0.25832,0
FR023707,0.173656,0
FR020454,0.668463,1
FR031936,0.290715,0
FR027260,0.097156,0
FR025766,0.219708,0
FR021922,0.163808,0
FR025520,0.116691,0
FR021849,0.107795,0
FR028742,0.050812,0
FR022237,0.180844,0
FR029484,0.312426,0
FR029853,0.341996,0
FR024197,0.584441,1
FR020750,0.13071,0
FR022056,0.206934,0
FR031112,0.137244,0
FR023350,0.246222,0
FR025536,0.272398,0
FR022389,0.235132,0
FR031637,0.061388,0
FR029623,0.190399,0
FR024433,0.151598,0
FR029384,0.131706,0
FR029514,0.20995,0
FR029354,0.281113,0
FR029585,0.165328,0
FR022874,0.404866,0
FR031395,0.692648,1
FR022410,0.176845,0
FR025335,0.317241,0
FR028460,0.168201,0
FR020860,0.187136,0
FR021606,0.361916,0
FR024408,0.157556,0
FR020621,0.182519,0
FR028273,0.218731,0
FR031567,0.423085,0
FR020376,0.477717,0
FR030159,0.125677,0
FR024281,0.158153,0
FR025365,0.455752,0
FR031412,0.446456,0
FR021011,0.111137,0
FR023555,0.093676,0
FR022939,0.277247,0
FR030511,0.201282,0
FR024263,0.15551,0
FR023078,0.028815,0
FR020010,0.286106,0
FR029395,0.12758,0
FR027842,0.221652,0
FR031010,0.131409,0
FR023544,0.309291,0
FR028957,0.296379,0
FR028176,0.233424,0
FR024109,0.077918,0
FR028487,0.089097,0
FR029068,0.097317,0
FR031204,0.207485,0
FR027225,0.38833,0
FR020926,0.10579,0
FR031791,0.65584,1
FR025489,0.130243,0
FR027283,0.080294,0
FR020839,0.19175,0
FR029695,0.041305,0
FR031558,0.06349,0
FR020301,0.156754,0
FR029722,0.373951,0
FR029796,0.094269,0
FR020738,0.25667,0
FR031055,0.15193,0
FR030742,0.266025,0
FR025352,0.29483,0
FR028416,0.370057,0
FR021013,0.082696,0
FR027010,0.091228,0
FR021893,0.172012,0
FR027793,0.331638,0
FR022101,0.125103,0
FR030655,0.266081,0
FR024796,0.383738,0
FR028723,0.083286,0
FR029570,0.234504,0
FR024746,0.128301,0
FR028414,0.069566,0
FR030988,0.274939,0
FR021524,0.246277,0
FR026221,0.071225,0
FR025739,0.10946,0
FR024283,0.444276,0
FR028196,0.071383,0
FR020932,0.264411,0
FR020527,0.341204,0
FR025506,0.283097,0
FR022260,0.149215,0
FR025478,0.13946,0
FR023307,0.202438,0
FR030718,0.227239,0
FR022580,0.324297,0
FR031477,0.287001,0
FR030210,0.342818,0
FR022912,0.324994,0
FR021551,0.146163,0
FR027168,0.116575,0
FR020471,0.164655,0
FR025779,0.157206,0
FR024774,0.112195,0
FR024964,0.910583,1
FR025121,0.24848,0
FR027940,0.132306,0
FR027657,0.097738,0
FR025165,0.135409,0
FR028298,0.112525,0
FR022807,0.478042,0
FR024855,0.112446,0
FR020821,0.196792,0
FR028578,0.455014,0
FR031330,0.081305,0
FR023252,0.57827,1
FR021763,0.163356,0
FR028063,0.072032,0
FR020192,0.020307,0
FR022899,0.210199,0
FR025570,0.176618,0
FR022189,0.086821,0
FR030377,0.26439,0
FR027423,0.144989,0
FR029553,0.220182,0
FR021099,0.125523,0
FR030705,0.304882,0
FR025641,0.219437,0
FR023134,0.300275,0
FR022398,0.308901,0
FR020059,0.507331,0
FR023224,0.191986,0
FR020501,0.361325,0
FR029186,0.194766,0
FR028635,0.134563,0
FR021108,0.231421,0
FR025016,0.088512,0
FR022934,0.267055,0
FR020350,0.135951,0
FR022622,0.091598,0
FR030085,0.286985,0
FR021945,0.176798,0
FR031801,0.066924,0
FR024274,0.033512,0
FR028546,0.18033,0
FR028528,0.115106,0
FR026652,0.340848,0
FR029061,0.25007,0
FR028206,0.474393,0
FR026399,0.1989,0
FR022948,0.174219,0
FR023717,0.088719,0
FR020519,0.110408,0
FR030419,0.102153,0
FR026854,0.435756,0
FR024170,0.308604,0
FR020609,0.177288,0
FR031129,0.136029,0
FR023519,0.20226,0
FR026782,0.245124,0
FR028300,0.07822,0
FR029227,0.158028,0
FR021776,0.215985,0
FR025183,0.208452,0
FR026422,0.250436,0
FR021244,0.142277,0
FR023864,0.220979,0
FR026187,0.27387,0
FR029751,0.152835,0
FR021233,0.209112,0
FR030395,0.138654,0
FR027692,0.256913,0
FR027379,0.195594,0
FR026306,0.093803,0
FR031983,0.271907,0
FR027685,0.106669,0
FR030649,0.243458,0
FR022089,0.114556,0
FR029241,0.40346,0
FR025320,0.230981,0
FR024088,0.117763,0
FR030884,0.072977,0
FR022957,0.091626,0
FR027241,0.217139,0
FR022879,0.12904,0
FR022746,0.361115,0
FR026293,0.120303,0
FR024674,0.183587,0
FR020912,0.11721,0
FR027228,0.227745,0
FR021429,0.171552,0
FR025610,0.462284,0
FR027264,0.023352,0
FR029547,0.131213,0
FR026942,0.162199,0
FR031778,0.275254,0
FR024229,0.19775,0
FR022680,0.260696,0
FR021466,0.867413,1
FR030039,0.076391,0
FR024332,0.196863,0
FR023748,0.190999,0
FR021126,0.04806,0
FR028688,0.109807,0
FR023788,0.064705,0
FR030345,0.157257,0
FR021517,0.104898,0
FR025033,0.44367,0
FR021367,0.144624,0
FR021862,0.161054,0
FR022539,0.094149,0
FR028510,0.199478,0
FR024426,0.100912,0
FR028071,0.197104,0
FR029795,0.124903,0
FR020205,0.119602,0
FR020959,0.444191,0
FR027057,0.120805,0
FR028901,0.16053,0
FR022873,0.270435,0
FR027476,0.455777,0
FR025588,0.268603,0
FR030198,0.264435,0
FR023966,0.055414,0
FR024298,0.118406,0
FR023177,0.110242,0
FR026053,0.114629,0
FR025873,0.637466,1
FR023333,0.186503,0
FR028085,0.048925,0
FR023794,0.066335,0
FR029203,0.028438,0
FR021095,0.134008,0
FR024192,0.049075,0
FR028429,0.270456,0
FR025627,0.18618,0
FR024459,0.171204,0
FR029347,0.140291,0
FR023698,0.121002,0
FR026546,0.271668,0
FR024077,0.221705,0
FR022568,0.104164,0
FR026055,0.120703,0
FR025381,0.266626,0
FR020210,0.138792,0
FR026620,0.093379,0
FR029595,0.202858,0
FR031120,0.128775,0
FR030811,0.234667,0
FR024837,0.273503,0
FR028404,0.172612,0
FR025346,0.373451,0
FR021489,0.063189,0
FR020262,0.267309,0
FR028682,0.064332,0
FR020638,0.41637,0
FR020531,0.614932,1
FR030874,0.258927,0
FR029928,0.329162,0
FR021311,0.265186,0
FR028660,0.27402,0
FR031292,0.280968,0
FR020329,0.140888,0
FR022980,0.173335,0
FR027297,0.287342,0
FR030616,0.175753,0
FR026378,0.382579,0
FR027333,0.140081,0
FR029850,0.158292,0
FR027331,0.114074,0
FR028090,0.435407,0
FR028358,0.151233,0
FR026103,0.206103,0
FR028750,0.239349,0
FR028292,0.105921,0
FR026437,0.140773,0
FR030776,0.103621,0
FR027782,0.354728,0
FR023894,0.068708,0
FR024638,0.156946,0
FR023777,0.365991,0
FR029416,0.124921,0
FR026417,0.341574,0
FR030809,0.199131,0
FR028346,0.063138,0
FR028933,0.134321,0
FR031122,0.095808,0
FR029551,0.349317,0
FR029804,0.379235,0
FR026341,0.042248,0
FR026538,0.369366,0
FR025548,0.182132,0
FR025716,0.106478,0
FR025005,0.107635,0
FR025330,0.049167,0
FR026151,0.146798,0
FR031852,0.259132,0
FR025628,0.190047,0
FR028897,0.25559,0
FR030046,0.161771,0
FR020889,0.361155,0
FR027809,0.085797,0
FR029832,0.116712,0
FR023474,0.313901,0
FR031851,0.129173,0
FR030680,0.105902,0
FR020579,0.196816,0
FR026688,0.327351,0
FR028234,0.086383,0
FR020330,0.239567,0
FR030508,0.318692,0
FR022804,0.913079,1
FR021266,0.351112,0
FR024208,0.362145,0
FR031730,0.27675,0
FR031195,0.206465,0
FR026251,0.172122,0
FR025224,0.132778,0
FR031670,0.072855,0
FR024911,0.252549,0
FR028412,0.328454,0
FR022649,0.022401,0
FR029029,0.194617,0
FR022631,0.078909,0
FR029982,0.455733,0
FR028431,0.283739,0
FR024442,0.09319,0
FR025198,0.888503,1
FR027273,0.27457,0
FR028674,0.326776,0
FR028888,0.152827,0
FR026142,0.427538,0
FR031348,0.686261,1
FR021755,0.213963,0
FR021127,0.128675,0
FR031472,0.091164,0
FR026367,0.108891,0
FR031064,0.236153,0
FR023230,0.123814,0
FR030328,0.441372,0
FR026931,0.123121,0
FR026889,0.134706,0
FR022703,0.227304,0
FR027841,0.366742,0
FR030777,0.320169,0
FR031942,0.081421,0
FR022121,0.103625,0
FR028845,0.313341,0
FR027340,0.360105,0
FR023730,0.228727,0
FR025941,0.069269,0
FR025454,0.17413,0
FR025139,0.310649,0
FR022464,0.198502,0
FR030281,0.411009,0
FR022164,0.309169,0
FR020995,0.299075,0
FR031530,0.197359,0
FR022018,0.372283,0
FR026028,0.311982,0
FR021363,0.340643,0
FR027031,0.355035,0
FR029228,0.125111,0
FR029569,0.136285,0
FR024235,0.135176,0
FR025504,0.240226,0
FR031059,0.736421,1
FR027079,0.427099,0
FR025490,0.214014,0
FR029066,0.177368,0
FR023802,0.288257,0
FR030795,0.282541,0
FR029675,0.282299,0
FR021036,0.294289,0
FR030852,0.197632,0
FR026722,0.187115,0
FR027664,0.158976,0
FR031287,0.193032,0
FR030881,0.09785,0
FR028122,0.1426,0
FR027510,0.03264,0
FR022346,0.086647,0
FR029163,0.222856,0
FR023541,0.828954,1
FR020220,0.219371,0
FR020649,0.089414,0
FR024711,0.148479,0
FR029799,0.483564,0
FR024597,0.203717,0
FR029760,0.168149,0
FR031673,0.632318,1
FR031413,0.209638,0
FR020292,0.144305,0
FR029538,0.130754,0
FR028302,0.105058,0
FR022506,0.018992,0
FR021923,0.080227,0
FR024392,0.259078,0
FR028522,0.126273,0
FR021785,0.394906,0
FR022457,0.296121,0
FR023136,0.084167,0
FR027663,0.164809,0
FR023538,0.182451,0
FR022751,0.107388,0
FR028738,0.302991,0
FR022093,0.140455,0
FR024708,0.88868,1
FR025301,0.233634,0
FR027882,0.398963,0
FR030030,0.199069,0
FR029742,0.048545,0
FR031522,0.113908,0
FR023448,0.243027,0
FR022154,0.337393,0
FR031458,0.195584,0
FR026296,0.131758,0
FR031061,0.119367,0
FR025413,0.213741,0
FR021573,0.143758,0
FR025472,0.092757,0
FR022039,0.449887,0
FR020068,0.330003,0
FR029995,0.159346,0
FR025178,0.261605,0
FR022924,0.757547,1
FR020324,0.189007,0
FR027781,0.10176,0
FR022717,0.151429,0
FR030446,0.193193,0
FR023645,0.185994,0
FR029698,0.205469,0
FR020615,0.183811,0
FR030779,0.234073,0
FR023105,0.164958,0
FR024318,0.494266,0
FR026147,0.259623,0
FR023432,0.230354,0
FR029101,0.101576,0
FR029651,0.063836,0
FR025010,0.19297,0
FR027583,0.616618,1
FR026928,0.157754,0
FR030181,0.197469,0
FR021221,0.10133,0
FR027862,0.069068,0
FR021759,0.524519,0
FR028822,0.270788,0
FR030201,0.404329,0
FR027005,0.161094,0
FR025736,0.157126,0
FR021772,0.223799,0
FR021231,0.278687,0
FR029175,0.484708,0
FR022876,0.17986,0
FR020194,0.200129,0
FR026150,0.334117,0
FR021652,0.25864,0
FR023197,0.118347,0
FR022803,0.308864,0
FR031126,0.254361,0
FR027966,0.14053,0
FR031495,0.249125,0
FR022369,0.153049,0
FR022921,0.261725,0
FR030910,0.110942,0
FR027983,0.205684,0
FR021453,0.168827,0
FR023429,0.326423,0
FR026245,0.183869,0
FR023232,0.10922,0
FR025831,0.551504,0
FR021920,0.24474,0
FR029711,0.28571,0
FR030461,0.109664,0
FR027769,0.252206,0
FR024060,0.128701,0
FR021488,0.143143,0
FR028746,0.382346,0
FR020587,0.122556,0
FR026000,0.127901,0
FR024245,0.131236,0
FR026817,0.498118,0
FR021640,0.023203,0
FR028889,0.31318,0
FR026785,0.116295,0
FR026135,0.024873,0
FR022942,0.069639,0
FR022300,0.234339,0
FR028008,0.167684,0
FR023188,0.315897,0
FR020307,0.294447,0
FR025632,0.278394,0
FR024137,0.255789,0
FR030576,0.151895,0
FR026598,0.153886,0
FR020322,0.188507,0
FR031655,0.686429,1
FR021792,0.36684,0
FR021817,0.398199,0
FR027077,0.295479,0
FR022898,0.170639,0
FR028178,0.194328,0
FR023090,0.574454,1
FR028831,0.08269,0
FR031285,0.163768,0
FR028581,0.145545,0
FR031758,0.309016,0
FR028675,0.288242,0
FR028768,0.399463,0
FR031384,0.062003,0
FR030676,0.498011,0
FR020063,0.358373,0
FR027148,0.101986,0
FR022059,0.261423,0
FR020120,0.508711,0
FR029345,0.174589,0
FR029613,0.180953,0
FR030870,0.397296,0
FR028895,0.459628,0
FR024221,0.141966,0
FR031069,0.589325,1
FR029882,0.352741,0
FR023992,0.308663,0
FR022972,0.698565,1
FR021195,0.14818,0
FR030546,0.356262,0
FR025128,0.152072,0
FR028856,0.152261,0
FR026792,0.112865,0
FR022935,0.158882,0
FR026895,0.343517,0
FR028716,0.244515,0
FR021947,0.416234,0
FR030068,0.020718,0
FR025433,0.20032,0
FR025605,0.341543,0
FR030214,0.12512,0
FR022846,0.135644,0
FR023688,0.082394,0
FR021803,0.927316,1
FR029440,0.164242,0
FR030154,0.118761,0
FR027776,0.071806,0
FR020929,0.379974,0
FR022014,0.102467,0
FR021412,0.173345,0
FR020008,0.190025,0
FR021224,0.131632,0
FR022678,0.527681,0
FR029086,0.068406,0
FR030815,0.281464,0
FR027761,0.196153,0
FR030212,0.215844,0
FR027242,0.285529,0
FR031508,0.304075,0
FR023916,0.372403,0
FR026068,0.270145,0
FR026089,0.267307,0
FR020157,0.669305,1
FR023297,0.306912,0
FR020634,0.442989,0
FR029532,0.275777,0
FR029927,0.093554,0
FR026211,0.216078,0
FR023752,0.163592,0
FR028805,0.247879,0
FR021029,0.375205,0
FR028530,0.183911,0
FR024295,0.482948,0
FR022522,0.360036,0
FR020884,0.099651,0
FR021051,0.077132,0
FR031459,0.142098,0
FR027986,0.064385,0
FR027027,0.591008,1
FR026962,0.157028,0
FR021536,0.276692,0
FR020258,0.301019,0
FR030449,0.09044,0
FR025786,0.211371,0
FR025438,0.244486,0
FR027834,0.150246,0
FR026744,0.41613,0
FR021719,0.104399,0
FR026896,0.167699,0
FR021082,0.295356,0
FR028284,0.479465,0
FR031307,0.783787,1
FR028202,0.197342,0
FR028080,0.434263,0
FR020813,0.262654,0
FR027571,0.203914,0
FR031908,0.358827,0
FR020040,0.114269,0
FR024154,0.099063,0
FR023647,0.256854,0
FR022180,0.181554,0
FR023192,0.094824,0
FR020607,0.193544,0
FR025493,0.109047,0
FR022052,0.296424,0
FR028954,0.121847,0
FR025501,0.069196,0
FR024846,0.079379,0
FR024303,0.235191,0
FR027984,0.177694,0
FR028045,0.216358,0
FR021398,0.185382,0
FR028172,0.071769,0
FR020380,0.838985,1
FR027473,0.145028,0
FR026198,0.073807,0
FR024773,0.491263,0
FR028870,0.123139,0
FR028852,0.455873,0
FR030653,0.207491,0
FR026735,0.049264,0
FR024233,0.239225,0
FR031409,0.253026,0
FR022708,0.911146,1
FR030373,0.259572,0
FR029072,0.424937,0
FR026701,0.382097,0
FR026626,0.293545,0
FR025718,0.29598,0
FR020870,0.629144,1
FR022966,0.478703,0
FR027293,0.201466,0
FR023533,0.119992,0
FR028946,0.255521,0
FR023924,0.128361,0
FR023240,0.138945,0
FR027920,0.152641,0
FR025291,0.186061,0
FR023976,0.276091,0
FR022383,0.175562,0
FR020298,0.220801,0
FR024115,0.022868,0
FR029039,0.191565,0
FR024247,0.53003,0
FR022914,0.219176,0
FR025375,0.592319,1
FR030675,0.512764,0
FR025407,0.130329,0
FR025044,0.244193,0
FR030205,0.551044,0
FR021066,0.099607,0
FR031447,0.297257,0
FR031081,0.3086,0
FR025976,0.031644,0
FR021054,0.130905,0
FR022795,0.12863,0
FR022767,0.291903,0
FR026153,0.188416,0
FR023098,0.210657,0
FR028862,0.100302,0
FR024540,0.447409,0
FR022877,0.142699,0
FR024652,0.564691,1
FR030631,0.097675,0
FR026867,0.107875,0
FR031128,0.132798,0
FR030545,0.391073,0
FR029139,0.102261,0
FR030775,0.326714,0
FR024385,0.400942,0
FR031747,0.235809,0
FR023397,0.162755,0
FR024019,0.150602,0
FR030102,0.265347,0
FR024015,0.12407,0
FR026647,0.016516,0
FR025357,0.19418,0
FR028195,0.516115,0
FR029798,0.105403,0
FR031823,0.211798,0
FR028588,0.090897,0
FR022500,0.106981,0
FR023594,0.322829,0
FR020372,0.107656,0
FR025935,0.125861,0
FR022844,0.153926,0
FR021819,0.110089,0
FR027621,0.293602,0
FR030535,0.207086,0
FR024256,0.191244,0
FR020418,0.247323,0
FR030844,0.170426,0
FR021863,0.06469,0
FR024477,0.089471,0
FR026947,0.103336,0
FR026395,0.315291,0
FR029455,0.451698,0
FR026174,0.271613,0
FR020535,0.660575,1
FR026544,0.175387,0
FR022064,0.184747,0
FR024370,0.262831,0
FR029803,0.307119,0
FR022126,0.189558,0
FR030490,0.138741,0
FR021557,0.436939,0
FR027741,0.04957,0
FR022090,0.08284,0
FR021746,0.224956,0
FR029721,0.181859,0
FR024232,0.214678,0
FR029954,0.241122,0
FR027382,0.197834,0
FR027640,0.136422,0
FR031280,0.091487,0
FR026747,0.076447,0
FR021314,0.234127,0
FR027310,0.334951,0
FR020487,0.309301,0
FR021064,0.278666,0
FR026862,0.09939,0
FR030671,0.307337,0
FR022312,0.261143,0
FR027501,0.125166,0
FR031402,0.249214,0
FR027246,0.126366,0
FR026280,0.055223,0
FR024501,0.380118,0
FR029535,0.299904,0
FR030011,0.14394,0
FR021124,0.069057,0
FR027028,0.338015,0
FR023027,0.319904,0
FR031711,0.325408,0
FR026177,0.240282,0
FR025618,0.117094,0
FR025817,0.130831,0
FR027844,0.21997,0
FR021134,0.216049,0
FR027786,0.483157,0
FR022868,0.919019,1
FR026558,0.110006,0
FR022306,0.182967,0
FR023640,0.15541,0
FR026638,0.282447,0
FR020622,0.081309,0
FR031740,0.691038,1
FR030871,0.061469,0
FR028432,0.089211,0
FR029548,0.162968,0
FR030840,0.200225,0
FR028297,0.459041,0
FR020434,0.255113,0
FR025662,0.203977,0
FR023907,0.025932,0
FR031197,0.2805,0
FR022543,0.083486,0
FR024366,0.204363,0
FR027036,0.135749,0
FR028459,0.247043,0
FR024918,0.169075,0
FR027050,0.467336,0
FR027815,0.143118,0
FR030755,0.186404,0
FR024524,0.144396,0
FR030771,0.297454,0
FR023537,0.374961,0
FR020119,0.201731,0
FR024482,0.515846,0
FR022557,0.250405,0
FR025104,0.226578,0
FR031455,0.216173,0
FR022371,0.056148,0
FR028222,0.108227,0
FR029588,0.201366,0
FR030698,0.179749,0
FR026523,0.083936,0
FR024312,0.060635,0
FR031364,0.197223,0
FR029212,0.339487,0
FR021405,0.095912,0
FR031736,0.137444,0
FR027270,0.233663,0
FR031657,0.628609,1
FR031970,0.321571,0
FR030681,0.067937,0
FR024478,0.219079,0
FR030387,0.099109,0
FR021665,0.220256,0
FR021286,0.199209,0
FR023284,0.234316,0
FR025426,0.342105,0
FR029443,0.349986,0
FR031380,0.294541,0
FR022131,0.18653,0
FR024452,0.416408,0
FR031594,0.459568,0
FR020373,0.898605,1
FR030847,0.451045,0
FR021028,0.184846,0
FR030126,0.395632,0
FR030402,0.170321,0
FR028121,0.274119,0
FR024266,0.044588,0
FR031381,0.177798,0
FR028661,0.181244,0
FR020427,0.16555,0
FR026287,0.421797,0
FR027139,0.706194,1
FR020794,0.374099,0
FR027880,0.314662,0
FR026595,0.342162,0
FR026723,0.104066,0
FR024615,0.054064,0
FR023923,0.159719,0
FR025399,0.137074,0
FR021694,0.068349,0
FR030444,0.222196,0
FR030307,0.244214,0
FR022016,0.210996,0
FR028301,0.071966,0
FR028492,0.160623,0
FR021258,0.20878,0
FR031415,0.093034,0
FR029719,0.494807,0
FR020664,0.024531,0
FR029786,0.151106,0
FR023511,0.484229,0
FR027661,0.125257,0
FR024389,0.312201,0
FR025286,0.38908,0
FR030462,0.370253,0
FR021423,0.195932,0
FR028525,0.306777,0
FR024737,0.169159,0
FR023024,0.166002,0
FR026238,0.239322,0
FR022595,0.259256,0
FR026358,0.087686,0
FR030258,0.154552,0
FR025514,0.206313,0
FR029187,0.01994,0
FR023971,0.361234,0
FR026116,0.113518,0
FR026650,0.301893,0
FR027326,0.260794,0
FR029382,0.275543,0
FR024820,0.266935,0
FR031957,0.209239,0
FR026827,0.159703,0
FR028007,0.233986,0
FR026825,0.173478,0
FR028745,0.546877,0
FR021888,0.250637,0
FR028013,0.255428,0
FR026178,0.162482,0
FR031807,0.143524,0
FR022234,0.229539,0
FR026713,0.110868,0
FR021499,0.071027,0
FR025760,0.268846,0
FR030138,0.400199,0
FR028113,0.908243,1
FR024388,0.224104,0
FR026988,0.311059,0
FR027442,0.203386,0
FR021931,0.123439,0
FR022233,0.408787,0
FR026057,0.194253,0
FR029070,0.166813,0
FR023076,0.316992,0
FR026697,0.226569,0
FR025031,0.265305,0
FR028117,0.484662,0
FR030247,0.09102,0
FR027845,0.118847,0
FR021069,0.355779,0
FR023418,0.440191,0
FR029924,0.303401,0
FR028715,0.051189,0
FR026930,0.229679,0
FR031151,0.141948,0
FR022660,0.280768,0
FR022015,0.144249,0
FR029079,0.213773,0
FR027363,0.461503,0
FR026291,0.314096,0
FR030728,0.227118,0
FR021135,0.157214,0
FR030134,0.292457,0
FR025264,0.154421,0
FR020511,0.162212,0
FR031985,0.099268,0
FR022567,0.304268,0
FR020335,0.218459,0
FR022670,0.260068,0
FR024083,0.390693,0
FR028388,0.212989,0
FR020482,0.464714,0
FR022475,0.057817,0
FR025028,0.423183,0
FR023294,0.168712,0
FR025395,0.030712,0
FR029048,0.210453,0
FR022518,0.373419,0
FR024880,0.324612,0
FR024132,0.328859,0
FR029625,0.205655,0
FR028066,0.208413,0
FR024876,0.14242,0
FR031198,0.189541,0
FR027647,0.1783,0
FR020538,0.205774,0
FR025332,0.182737,0
FR031121,0.134616,0
FR021142,0.096398,0
FR022210,0.212089,0
FR030041,0.404723,0
FR023054,0.024091,0
FR024184,0.105336,0
FR020295,0.193137,0
FR020522,0.027321,0
FR029593,0.111821,0
FR027539,0.474327,0
FR023125,0.108434,0
FR031850,0.136031,0
FR024732,0.347012,0
FR029730,0.09889,0
FR028177,0.09616,0
FR025855,0.238387,0
FR029310,0.031294,0
FR021143,0.113359,0
FR026435,0.388462,0
FR030274,0.282119,0
FR027955,0.222465,0
FR031442,0.095165,0
FR024450,0.413252,0
FR024842,0.411229,0
FR031328,0.116941,0
FR029610,0.421729,0
FR020193,0.339467,0
FR029115,0.218829,0
FR022722,0.253274,0
FR027628,0.226773,0
FR024200,0.058503,0
FR029022,0.096491,0
FR024682,0.195961,0
FR028548,0.221156,0
FR024866,0.124419,0
FR028313,0.19012,0
FR031748,0.212693,0
FR031341,0.142002,0
FR025156,0.100061,0
FR028919,0.201491,0
FR022636,0.132169,0
FR024530,0.243006,0
FR029933,0.284545,0
FR023590,0.382797,0
FR026108,0.116395,0
FR021933,0.336236,0
FR020269,0.105692,0
FR024593,0.267034,0
FR031188,0.354594,0
FR025240,0.099123,0
FR023523,0.14992,0
FR025218,0.135405,0
FR030969,0.209796,0
FR024913,0.302907,0
FR020729,0.333483,0
FR021165,0.160516,0
FR023217,0.221097,0
FR029446,0.295828,0
FR028630,0.072401,0
FR026022,0.124977,0
FR025849,0.330498,0
FR022917,0.082508,0
FR025574,0.089556,0
FR029409,0.183116,0
FR023574,0.252174,0
FR025404,0.267378,0
FR028310,0.486362,0
FR020354,0.308119,0
FR021612,0.161417,0
FR023273,0.107007,0
FR022907,0.262365,0
FR021669,0.176345,0
FR030390,0.328696,0
FR024143,0.166902,0
FR025378,0.340132,0
FR020777,0.415739,0
FR023144,0.253144,0
FR030020,0.202834,0
FR021334,0.513593,0
FR023817,0.204779,0
FR026421,0.220572,0
FR028472,0.219442,0
FR026682,0.127554,0
FR028569,0.096572,0
FR031999,0.03816,0
FR029815,0.072591,0
FR026218,0.459771,0
FR031871,0.145033,0
FR027191,0.245436,0
FR026670,0.11157,0
FR027843,0.387362,0
FR030356,0.09715,0
FR021761,0.127713,0
FR025092,0.551637,0
FR023860,0.061776,0
FR025539,0.243138,0
FR025815,0.217109,0
FR029486,0.109549,0
FR027655,0.242984,0
FR025689,0.145363,0
FR021188,0.230707,0
FR026548,0.152264,0
FR023724,0.134624,0
FR025552,0.173177,0
FR020143,0.15343,0
FR024560,0.198648,0
FR021035,0.470187,0
FR022474,0.114021,0
FR028801,0.232944,0
FR024033,0.336843,0
FR022087,0.130542,0
FR026997,0.091685,0
FR025784,0.233065,0
FR025525,0.124675,0
FR030013,0.22612,0
FR021809,0.69912,1
FR023580,0.079674,0
FR031685,0.354008,0
FR021474,0.416453,0
FR029959,0.198729,0
FR024180,0.287219,0
FR031583,0.158077,0
FR020997,0.148511,0
FR031987,0.183936,0
FR021703,0.650496,1
FR031513,0.145347,0
FR023922,0.464423,0
FR020083,0.131237,0
FR031143,0.373036,0
FR020672,0.37376,0
FR030220,0.219304,0
FR029242,0.372599,0
FR024923,0.09259,0
FR024236,0.493609,0
FR023884,0.228008,0
FR029279,0.097522,0
FR029828,0.116369,0
FR025235,0.282333,0
FR025103,0.042211,0
FR020871,0.585843,1
FR027507,0.245495,0
FR028677,0.164837,0
FR020653,0.208715,0
FR026828,0.139657,0
FR029331,0.109608,0
FR030080,0.13477,0
FR024690,0.572773,1
FR023885,0.129184,0
FR025250,0.276354,0
FR026778,0.302531,0
FR031686,0.150337,0
FR026649,0.107826,0
FR021729,0.086068,0
FR030608,0.305073,0
FR028991,0.288359,0
FR021279,0.048478,0
FR026182,0.148513,0
FR023108,0.14417,0
FR026901,0.308236,0
FR027715,0.151876,0
FR020211,0.196975,0
FR031234,0.3307,0
FR023769,0.307988,0
FR022135,0.282278,0
FR023800,0.153847,0
FR023808,0.171305,0
FR025122,0.278822,0
FR021976,0.515686,0
FR023305,0.297697,0
FR027613,0.198986,0
FR031118,0.27672,0
FR022275,0.309431,0
FR031814,0.034142,0
FR027956,0.272804,0
FR022843,0.312381,0
FR028736,0.217481,0
FR029211,0.62743,1
FR030320,0.169825,0
FR020250,0.252311,0
FR031482,0.04554,0
FR025646,0.281532,0
FR024014,0.149357,0
FR024944,0.110088,0
FR029025,0.269843,0
FR021291,0.614979,1
FR021505,0.255209,0
FR024185,0.21801,0
FR024588,0.247922,0
FR021702,0.251579,0
FR027938,0.239807,0
FR027625,0.357277,0
FR031512,0.158901,0
FR027546,0.211878,0
FR028434,0.103835,0
FR024984,0.136596,0
FR026373,0.193854,0
FR028057,0.071822,0
FR022809,0.649864,1
FR026254,0.311261,0
FR031359,0.091081,0
FR022359,0.160224,0
FR027559,0.351204,0
FR027805,0.068918,0
FR023989,0.351738,0
FR021778,0.168795,0
FR026818,0.136982,0
FR029458,0.340484,0
FR031620,0.169846,0
FR021540,0.660158,1
FR025094,0.289368,0
FR031286,0.042148,0
FR020943,0.213059,0
FR031139,0.046593,0
FR024974,0.081294,0
FR028441,0.453376,0
FR028334,0.128944,0
FR022176,0.109806,0
FR026471,0.348628,0
FR029696,0.449034,0
FR027279,0.069221,0
FR030520,0.205019,0
FR026932,0.166494,0
FR021178,0.249189,0
FR026070,0.092484,0
FR025797,0.196551,0
FR021514,0.433253,0
FR027947,0.179186,0
FR021217,0.247196,0
FR020506,0.3673,0
FR027414,0.498655,0
FR020489,0.194541,0
FR023639,0.151596,0
FR023463,0.279163,0
FR021806,0.426,0
FR025248,0.135831,0
FR020392,0.27602,0
FR026259,0.307818,0
FR028026,0.375475,0
FR023005,0.325347,0
FR031606,0.021173,0
FR029648,0.260801,0
FR024404,0.127083,0
FR025244,0.170534,0
FR027298,0.927163,1
FR020502,0.211461,0
FR026158,0.551555,0
FR023676,0.29956,0
FR031201,0.238463,0
FR030278,0.118103,0
FR022782,0.245971,0
FR024661,0.432171,0
FR029180,0.3019,0
FR022293,0.193691,0
FR026447,0.173906,0
FR031528,0.133082,0
FR023726,0.319106,0
FR027346,0.149888,0
FR031644,0.398997,0
FR024655,0.249298,0
FR029503,0.168335,0
FR030997,0.342819,0
FR026934,0.087064,0
FR029452,0.089606,0
FR030192,0.48691,0
FR029363,0.163762,0
FR029872,0.17368,0
FR023847,0.161755,0
FR029085,0.92551,1
FR030954,0.324698,0
FR024050,0.422124,0
FR022455,0.158359,0
FR021414,0.304193,0
FR026639,0.240368,0
FR031913,0.302249,0
FR030403,0.136898,0
FR030231,0.309565,0
FR030026,0.125953,0
FR024250,0.164621,0
FR020969,0.371474,0
FR024548,0.159482,0
FR028794,0.342934,0
FR031662,0.401804,0
FR024766,0.670551,1
FR024853,0.486776,0
FR026268,0.066689,0
FR027122,0.252963,0
FR024986,0.112222,0
FR020366,0.049945,0
FR029738,0.327597,0
FR028426,0.226909,0
FR023959,0.178129,0
FR020095,0.871716,1
FR021226,0.15065,0
FR031478,0.028925,0
FR030758,0.897732,1
FR025642,0.027276,0
FR020060,0.123604,0
FR023876,0.210625,0
FR024458,0.316862,0
FR022050,0.182308,0
FR030309,0.04841,0
FR024018,0.019257,0
FR030792,0.299814,0
FR028213,0.277994,0
FR030249,0.114776,0
FR028871,0.059192,0
FR030163,0.142541,0
FR031149,0.620309,1
FR023121,0.129435,0
FR028422,0.193104,0
FR023303,0.26661,0
FR024373,0.275515,0
FR031899,0.604184,1
FR030289,0.523703,0
FR027820,0.390322,0
FR024010,0.23395,0
FR027155,0.487159,0
FR024490,0.137217,0
FR026202,0.147581,0
FR022615,0.502194,0
FR020723,0.136772,0
FR026380,0.088642,0
FR030696,0.385904,0
FR031516,0.135618,0
FR031379,0.39601,0
FR023678,0.093499,0
FR022705,0.168282,0
FR031551,0.125757,0
FR023340,0.179043,0
FR025789,0.066115,0
FR026907,0.202321,0
FR020291,0.772561,1
FR026455,0.266231,0
FR024975,0.442528,0
FR020706,0.144628,0
FR028625,0.533546,0
FR028018,0.65206,1
FR023229,0.121777,0
FR024340,0.124351,0
FR022901,0.2654,0
FR029375,0.181787,0
FR030493,0.13156,0
FR021275,0.508788,0
FR025995,0.175939,0
FR025793,0.149685,0
FR024326,0.018869,0
FR029940,0.138303,0
FR025929,0.224709,0
FR031808,0.133489,0
FR025735,0.215993,0
FR025821,0.235952,0
FR030515,0.142627,0
FR023457,0.118957,0
FR025403,0.079195,0
FR026224,0.463256,0
FR027733,0.13303,0
FR031592,0.144199,0
FR028174,0.094275,0
FR024549,0.270806,0
FR026104,0.119342,0
FR028580,0.112733,0
FR028917,0.173733,0
FR026545,0.130828,0
FR029640,0.178454,0
FR026497,0.369838,0
FR024441,0.103368,0
FR026850,0.593934,1
FR022718,0.119768,0
FR029336,0.275189,0
FR022385,0.228903,0
FR020783,0.22091,0
FR030391,0.24551,0
FR022800,0.219253,0
FR027886,0.389024,0
FR022941,0.17591,0
FR023651,0.120052,0
FR021673,0.216463,0
FR031185,0.276441,0
FR029224,0.148131,0
FR021969,0.305556,0
FR025902,0.125,0
FR025532,0.210256,0
FR028401,0.119211,0
FR030207,0.609091,1
FR026117,0.107405,0
FR024859,0.167113,0
FR022784,0.209249,0
FR028898,0.538062,0
FR031101,0.49561,0
FR023633,0.355715,0
FR021983,0.124,0
FR029529,0.355998,0
FR025191,0.136497,0
FR025678,0.052127,0
FR031505,0.396907,0
FR028437,0.219826,0
FR028398,0.214231,0
FR028966,0.095673,0
FR028925,0.242775,0
FR031989,0.141273,0
FR026407,0.151465,0
FR029910,0.192341,0
FR029120,0.245103,0
FR021677,0.149237,0
FR027906,0.29886,0
FR025971,0.255741,0
FR028631,0.244799,0
FR028638,0.132647,0
FR027086,0.143446,0
FR029456,0.196233,0
FR023874,0.364009,0
FR027049,0.027937,0
FR021494,0.081992,0
FR027942,0.027385,0
FR024955,0.2961,0
FR026410,0.31499,0
FR023163,0.108382,0
FR028761,0.158002,0
FR028490,0.322229,0
FR030951,0.236057,0
FR026379,0.13784,0
FR026363,0.019285,0
FR028673,0.112682,0
FR026208,0.030626,0
FR024479,0.042448,0
FR026526,0.166203,0
FR026876,0.041444,0
FR021274,0.186302,0
FR026155,0.67427,1
FR020599,0.204227,0
FR025223,0.413769,0
FR023205,0.097643,0
FR022857,0.25546,0
FR024384,0.275652,0
FR026326,0.176839,0
FR028963,0.091053,0
FR030673,0.076827,0
FR021527,0.239773,0
FR027458,0.266021,0
FR020438,0.128063,0
FR020937,0.184195,0
FR024065,0.165286,0
FR023731,0.314186,0
FR024806,0.063581,0
FR023510,0.175878,0
FR027106,0.128414,0
FR024816,0.415636,0
FR021270,0.075877,0
FR020445,0.374709,0
FR025773,0.257466,0
FR021218,0.149649,0
FR021614,0.420977,0
FR021117,0.174588,0
FR031092,0.362041,0
FR023265,0.357898,0
FR027778,0.304695,0
FR021543,0.169004,0
FR022348,0.187147,0
FR026433,0.291894,0
FR027019,0.185345,0
FR025347,0.486244,0
FR029965,0.147409,0
FR023281,0.529971,0
FR023346,0.142923,0
FR023244,0.104939,0
FR024098,0.331355,0
FR030234,0.289664,0
FR020896,0.219162,0
FR021897,0.125975,0
FR029371,0.2324,0
FR027239,0.321522,0
FR030833,0.211285,0
FR028215,0.181362,0
FR022617,0.314289,0
FR023981,0.136342,0
FR021519,0.370606,0
FR021992,0.07858,0
FR024451,0.082791,0
FR022657,0.20605,0
FR031756,0.247314,0
FR031781,0.457522,0
FR027679,0.51866,0
FR026588,0.881545,1
FR026412,0.204968,0
FR031887,0.116845,0
FR027953,0.748528,1
FR022061,0.214162,0
FR030054,0.388398,0
FR023865,0.092411,0
FR028194,0.251141,0
FR020021,0.072508,0
FR029868,0.406401,0
FR022865,0.200744,0
FR021649,0.159475,0
FR025590,0.235946,0
FR029688,0.231819,0
FR023445,0.349537,0
FR022589,0.157544,0
FR021520,0.130937,0
FR031016,0.018194,0
FR029797,0.171792,0
FR020541,0.253907,0
FR020797,0.189735,0
FR026454,0.575805,1
FR024167,0.102438,0
FR027623,0.116821,0
FR030856,0.242387,0
FR027146,0.318015,0
FR026693,0.131499,0
FR024292,0.40288,0
FR020172,0.196926,0
FR029866,0.301839,0
FR023526,0.121006,0
FR030339,0.115777,0
FR023493,0.184774,0
FR022961,0.139978,0
FR024729,0.30618,0
FR023031,0.481941,0
FR025645,0.057085,0
FR029387,0.210364,0
FR024779,0.262261,0
FR023042,0.421631,0
FR023183,0.285939,0
FR031481,0.244192,0
FR025586,0.456464,0
FR029505,0.084705,0
FR020737,0.185509,0
FR026066,0.194535,0
FR022132,0.072245,0
FR029392,0.308422,0
FR021609,0.067308,0
FR020791,0.280904,0
FR027185,0.106412,0
FR025315,0.226664,0
FR029194,0.184383,0
FR022583,0.181789,0
FR028618,0.09074,0
FR023743,0.124914,0
FR024538,0.155183,0
FR021990,0.122808,0
FR020786,0.255715,0
FR021419,0.180814,0
FR028893,0.220927,0
FR029445,0.249755,0
FR027708,0.363911,0
FR026499,0.135804,0
FR023757,0.106966,0
FR029262,0.849908,1
FR025386,0.20484,0
FR028649,0.03807,0
FR022030,0.173044,0
FR031221,0.123644,0
FR023398,0.223181,0
FR024044,0.779815,1
FR025901,0.161938,0
FR031205,0.23975,0
FR025770,0.13454,0
FR024993,0.508421,0
FR024182,0.229144,0
FR023763,0.116239,0
FR027153,0.284925,0
FR020573,0.362669,0
FR028572,0.070021,0
FR031113,0.174999,0
FR031466,0.228141,0
FR030445,0.100752,0
FR027085,0.02682,0
FR026909,0.158099,0
FR026175,0.125643,0
FR022513,0.170083,0
FR022596,0.347991,0
FR028312,0.04888,0
FR031299,0.273586,0
FR028339,0.190326,0
FR028987,0.087427,0
FR026824,0.321119,0
FR026132,0.557345,1
FR025087,0.20509,0
FR021928,0.221771,0
FR027936,0.205191,0
FR023801,0.113271,0
FR029420,0.256558,0
FR024701,0.303666,0
FR024676,0.12029,0
FR031698,0.1084,0
FR031994,0.164159,0
FR029745,0.211476,0
FR030232,0.236378,0
FR030944,0.365995,0
FR027187,0.138081,0
FR025703,0.120749,0
FR025463,0.158816,0
FR028210,0.26366,0
FR025819,0.250003,0
FR027396,0.343554,0
FR025340,0.132022,0
FR020311,0.082029,0
FR027868,0.259776,0
FR020264,0.197609,0
FR028996,0.549378,0
FR030485,0.22441,0
FR027695,0.666662,1
FR022338,0.168311,0
FR023619,0.100254,0
FR022963,0.147438,0
FR029794,0.352694,0
FR022374,0.046654,0
FR024570,0.040782,0
FR030918,0.229471,0
FR028747,0.275868,0
FR027222,0.229105,0
FR020796,0.172615,0
FR023225,0.27102,0
FR031753,0.241007,0
FR021249,0.151853,0
FR030872,0.150033,0
FR024794,0.379208,0
FR021052,0.19741,0
FR025201,0.170072,0
FR024163,0.108658,0
FR029664,0.266986,0
FR022401,0.319762,0
FR030921,0.161684,0
FR029013,0.332567,0
FR031504,0.119354,0
FR027928,0.111834,0
FR026038,0.640657,1
FR029330,0.065555,0
FR028656,0.181049,0
FR027316,0.161306,0
FR024753,0.431269,0
FR028780,0.040156,0
FR022136,0.120131,0
FR025531,0.201117,0
FR027251,0.21519,0
FR024663,0.252258,0
FR030714,0.090802,0
FR031432,0.301916,0
FR025409,0.252619,0
FR024912,0.25232,0
FR027972,0.173432,0
FR024609,0.191472,0
FR021211,0.293463,0
FR030381,0.290077,0
FR028617,0.127913,0
FR030115,0.165818,0
FR021571,0.263881,0
FR023506,0.095278,0
FR031372,0.175912,0
FR020286,0.169139,0
FR026003,0.038877,0
FR025339,0.774731,1
FR022035,0.151284,0
FR031946,0.096404,0
FR029605,0.128341,0
FR025270,0.179838,0
FR025527,0.2266,0
FR027719,0.070766,0
FR026521,0.117315,0
FR022669,0.218226,0
FR026655,0.588126,1
FR024022,0.191411,0
FR020421,0.021835,0
FR027620,0.574141,1
FR022449,0.223809,0
FR021671,0.213942,0
FR027545,0.112742,0
FR029233,0.058878,0
FR026900,0.162761,0
FR022642,0.236397,0
FR020138,0.132244,0
FR026756,0.082172,0
FR029226,0.146573,0
FR024020,0.259004,0
FR029690,0.143019,0
FR031277,0.247897,0
FR024211,0.139967,0
FR030492,0.26665,0
FR029328,0.427481,0
FR021861,0.25653,0
FR022805,0.412892,0
FR030841,0.241185,0
FR021905,0.227379,0
FR029410,0.225291,0
FR028981,0.124495,0
FR021613,0.112251,0
FR030097,0.400726,0
FR028640,0.379373,0
FR028498,0.400271,0
FR028709,0.145112,0
FR030005,0.186623,0
FR021358,0.177196,0
FR022319,0.513303,0
FR024900,0.072234,0
FR023440,0.154593,0
FR031474,0.202318,0
FR027161,0.173781,0
FR031861,0.151095,0
FR029282,0.24608,0
FR025949,0.174712,0
FR025190,0.254267,0
FR024973,0.734691,1
FR027397,0.119765,0
FR020496,0.160533,0
FR030251,0.237255,0
FR025171,0.138947,0
FR027147,0.299904,0
FR023279,0.159377,0
FR029099,0.09826,0
FR021103,0.900921,1
FR029806,0.193784,0
FR021710,0.179989,0
FR027660,0.143353,0
FR020788,0.628675,1
FR031262,0.110097,0
FR023615,0.179871,0
FR028129,0.156609,0
FR020544,0.462739,0
FR024925,0.178962,0
FR020370,0.294223,0
FR025695,0.3653,0
FR028400,0.220781,0
FR031742,0.096748,0
FR030014,0.26896,0
FR031919,0.130017,0
FR025566,0.061759,0
FR025018,0.723431,1
FR020861,0.260925,0
FR022196,0.449007,0
FR029103,0.026686,0
FR028290,0.168597,0
FR030049,0.200803,0
FR024574,0.204715,0
FR028347,0.313142,0
FR021100,0.071725,0
FR030440,0.304035,0
FR030063,0.200998,0
FR023409,0.238444,0
FR027130,0.472569,0
FR023849,0.137106,0
FR020114,0.268696,0
FR021845,0.238346,0
FR027714,0.120951,0
FR029036,0.344311,0
FR027996,0.4058,0
FR026260,0.284656,0
FR031417,0.40237,0
FR020466,0.148149,0
FR031796,0.240799,0
FR024253,0.680696,1
FR027265,0.205023,0
FR021155,0.316095,0
FR020641,0.120232,0
FR026217,0.086096,0
FR030127,0.156077,0
FR025509,0.251558,0
FR021495,0.207817,0
FR027443,0.115217,0
FR030482,0.096496,0
FR020470,0.35846,0
FR028463,0.153946,0
FR023006,0.259455,0
FR025829,0.306425,0
FR030577,0.454882,0
FR022712,0.247387,0
FR025006,0.118717,0
FR031002,0.182764,0
FR028377,0.162074,0
FR022112,0.118122,0
FR024840,0.161222,0
FR025685,0.388778,0
FR030825,0.131809,0
FR029889,0.13788,0
FR024427,0.180325,0
FR031498,0.298927,0
FR020412,0.433157,0
FR029238,0.121406,0
FR021250,0.120529,0
FR031163,0.316501,0
FR031902,0.18519,0
FR026888,0.094305,0
FR028094,0.134029,0
FR022220,0.111457,0
FR024291,0.224104,0
FR028064,0.155017,0
FR023164,0.809172,1
FR023728,0.206634,0
FR030416,0.192046,0
FR023750,0.294178,0
FR031515,0.393148,0
FR025931,0.357521,0
FR026727,0.137375,0
FR026470,0.039824,0
FR022092,0.139377,0
FR022913,0.140135,0
FR027132,0.175782,0
FR024998,0.340275,0
FR021726,0.195439,0
FR031940,0.421724,0
FR022981,0.12625,0
FR031172,0.160295,0
FR021882,0.299109,0
FR023708,0.31276,0
FR030156,0.202594,0
FR024264,0.10871,0
FR023000,0.10739,0
FR030552,0.391654,0
FR023720,0.372164,0
FR024410,0.116628,0
FR024394,0.190903,0
FR031986,0.177772,0
FR022701,0.144128,0
FR025560,0.111927,0
FR027645,0.430363,0
FR028124,0.251244,0
FR030069,0.129608,0
FR024396,0.348885,0
FR027686,0.167884,0
FR020436,0.115575,0
FR023625,0.204194,0
FR023332,0.568485,1
FR022893,0.065671,0
FR028403,0.152394,0
FR031760,0.046749,0
FR026216,0.107797,0
FR030006,0.066572,0
FR029112,0.287589,0
FR030029,0.225049,0
FR027925,0.144759,0
FR028395,0.132718,0
FR023116,0.02642,0
FR026571,0.293983,0
FR023388,0.338425,0
FR029857,0.272592,0
FR028081,0.143082,0
FR030094,0.455779,0
FR022031,0.106528,0
FR031026,0.096119,0
FR024580,0.233073,0
FR029513,0.134394,0
FR028351,0.118534,0
FR031057,0.352302,0
FR030298,0.231644,0
FR020754,0.0636,0
FR024104,0.353203,0
FR021628,0.184291,0
FR022847,0.219439,0
FR023416,0.107968,0
FR024634,0.255994,0
FR024832,0.076304,0
FR025354,0.199015,0
FR023784,0.337914,0
FR021395,0.09131,0
FR024882,0.478049,0
FR020433,0.085072,0
FR021979,0.796732,1
FR030259,0.123014,0
FR025163,0.320439,0
FR029136,0.175751,0
FR023247,0.076932,0
FR024467,0.466102,0
FR031696,0.274465,0
FR023379,0.161168,0
FR024237,0.416993,0
FR022797,0.416806,0
FR030929,0.125912,0
FR027248,0.394352,0
FR028390,0.125797,0
FR023771,0.094398,0
FR027676,0.637794,1
FR031923,0.182077,0
FR027104,0.146042,0
FR024342,0.379534,0
FR022990,0.486207,0
FR020235,0.236587,0
FR026724,0.163218,0
FR028767,0.054364,0
FR024249,0.220318,0
FR026525,0.220515,0
FR027713,0.132981,0
FR028418,0.354147,0
FR024139,0.269394,0
FR026194,0.120035,0
FR030800,0.178462,0
FR028915,0.150148,0
FR021219,0.298179,0
FR020386,0.291035,0
FR020725,0.846907,1
FR022367,0.092667,0
FR029708,0.09589,0
FR030958,0.038564,0
FR023828,0.105022,0
FR031202,0.173637,0
FR030740,0.196482,0
FR024689,0.055892,0
FR023073,0.235904,0
FR024147,0.248654,0
FR030407,0.359356,0
FR028315,0.02533,0
FR027436,0.379795,0
FR029474,0.111355,0
FR025502,0.158824,0
FR028415,0.221464,0
FR025899,0.150208,0
FR020087,0.24829,0
FR030550,0.15544,0
FR023815,0.170548,0
FR027098,0.156158,0
FR030414,0.170931,0
FR023287,0.063906,0
FR025158,0.104771,0
FR022826,0.253753,0
FR031545,0.330059,0
FR031666,0.160797,0
FR024425,0.259448,0
FR029342,0.12197,0
FR029606,0.26227,0
FR029056,0.026902,0
FR029666,0.323082,0
FR021981,0.274612,0
FR020478,0.069704,0
FR031154,0.14584,0
FR022761,0.22008,0
FR029669,0.338641,0
FR025057,0.205106,0
FR024402,0.204718,0
FR023113,0.407038,0
FR029329,0.183063,0
FR028114,0.095677,0
FR025039,0.071697,0
FR031089,0.25904,0
FR030960,0.227074,0
FR020822,0.026762,0
FR023362,0.083035,0
FR031701,0.02661,0
FR026770,0.369263,0
FR029433,0.150839,0
FR023781,0.118285,0
FR025655,0.221512,0
FR028180,0.023988,0
FR021769,0.220559,0
FR030217,0.140395,0
FR025836,0.089678,0
FR020171,0.336653,0
FR020162,0.507378,0
FR023327,0.116503,0
FR020224,0.146209,0
FR031440,0.312345,0
FR029424,0.212244,0
FR029441,0.190744,0
FR029988,0.342922,0
FR029767,0.106566,0
FR021715,0.234426,0
FR023719,0.622171,1
FR022108,0.260434,0
FR021510,0.148952,0
FR020774,0.301092,0
FR031145,0.471363,0
FR026773,0.096865,0
FR027090,0.707813,1
FR029394,0.306989,0
FR026551,0.116162,0
FR028967,0.285999,0
FR029515,0.196844,0
FR026461,0.066504,0
FR029318,0.144776,0
FR027087,0.315748,0
FR024080,0.166787,0
FR025418,0.206837,0
FR031480,0.323182,0
FR027108,0.128448,0
FR021948,0.103036,0
FR027026,0.088543,0
FR025327,0.305866,0
FR029777,0.131491,0
FR024991,0.208402,0
FR030537,0.190403,0
FR025129,0.469863,0
FR026578,0.084454,0
FR023249,0.049813,0
FR029527,0.251372,0
FR028590,0.284686,0
FR031595,0.125001,0
FR022107,0.07286,0
FR031952,0.218338,0
FR030763,0.132678,0
FR021056,0.136342,0
FR022477,0.223438,0
FR024493,0.194574,0
FR030290,0.158686,0
FR020430,0.146715,0
FR022235,0.105261,0
FR031361,0.056235,0
FR028201,0.109963,0
FR026863,0.143455,0
FR031027,0.115248,0
FR029244,0.212314,0
FR030408,0.256966,0
FR029104,0.320283,0
FR026420,0.093524,0
FR028383,0.202302,0
FR024843,0.149417,0
FR020159,0.215377,0
FR021456,0.558627,1
FR022211,0.065986,0
FR022728,0.065538,0
FR022860,0.223261,0
FR030739,0.272659,0
FR029769,0.30408,0
FR022241,0.907939,1
FR027040,0.268037,0
FR020604,0.526362,0
FR025053,0.170159,0
FR022822,0.064217,0
FR030783,0.252892,0
FR023844,0.236886,0
FR030032,0.398063,0
FR022350,0.37169,0
FR026685,0.066397,0
FR030571,0.306226,0
FR028877,0.169054,0
FR020906,0.081655,0
FR024004,0.665406,1
FR024502,0.100677,0
FR026060,0.020121,0
FR026987,0.174077,0
FR029234,0.385083,0
FR021528,0.114229,0
FR020397,0.344452,0
FR020381,0.073524,0
FR025707,0.034715,0
FR030523,0.093012,0
FR020106,0.10323,0
FR031634,0.059957,0
FR024781,0.357399,0
FR029825,0.025903,0
FR020803,0.30719,0
FR028164,0.208803,0
FR026253,0.110511,0
FR029032,0.227946,0
FR026707,0.375928,0
FR024330,0.267373,0
FR024445,0.176954,0
FR029865,0.206052,0
FR021899,0.265544,0
FR024733,0.319365,0
FR024694,0.5141,0
FR021297,0.311411,0
FR024512,0.211556,0
FR021336,0.292265,0
FR031013,0.254556,0
FR027982,0.119391,0
FR031329,0.137388,0
FR027641,0.350549,0
FR031446,0.189496,0
FR030591,0.250192,0
FR029467,0.273047,0
FR020804,0.117672,0
FR024031,0.367632,0
FR025726,0.288938,0
FR026666,0.138219,0
FR022608,0.187481,0
FR022956,0.1403,0
FR023120,0.110919,0
FR027644,0.205465,0
FR022885,0.322162,0
FR029249,0.264629,0
FR023234,0.245553,0
FR027353,0.137154,0
FR031078,0.455655,0
FR021079,0.122362,0
FR020583,0.052573,0
FR021259,0.119029,0
FR031012,0.503641,0
FR021589,0.208399,0
FR030641,0.123152,0
FR027765,0.254909,0
FR024505,0.1398,0
FR025688,0.452629,0
FR027871,0.228161,0
FR025392,0.167901,0
FR020261,0.169499,0
FR027525,0.17212,0
FR025066,0.20214,0
FR021309,0.317508,0
FR025503,0.280371,0
FR029052,0.292876,0
FR022812,0.039929,0
FR021910,0.128783,0
FR027662,0.087107,0
FR027787,0.250012,0
FR021492,0.854093,1
FR030270,0.183449,0
FR031009,0.243653,0
FR031140,0.307383,0
FR024214,0.312417,0
FR031297,0.219266,0
FR029847,0.073477,0
FR024914,0.258139,0
FR024135,0.18678,0
FR030620,0.364838,0
FR030911,0.450603,0
FR021157,0.105252,0
FR024257,0.227494,0
FR031917,0.232841,0
FR030729,0.153943,0
FR021308,0.28705,0
FR020781,0.155653,0
FR022417,0.017501,0
FR022125,0.09136,0
FR023955,0.285154,0
FR024406,0.159832,0
FR022515,0.365863,0
FR025089,0.070375,0
FR025421,0.151423,0
FR020801,0.234271,0
FR026802,0.220784,0
FR026207,0.101433,0
FR024491,0.148482,0
FR030725,0.111601,0
FR023772,0.524303,0
FR024164,0.105054,0
FR024583,0.136339,0
FR030380,0.137288,0
FR028224,0.195334,0
FR022257,0.061371,0
FR027380,0.395902,0
FR027505,0.454306,0
FR025243,0.660332,1
FR029269,0.160458,0
FR029945,0.715191,1
FR024600,0.410606,0
FR020296,0.127131,0
FR020492,0.304144,0
FR027816,0.236559,0
FR022748,0.146419,0
FR030037,0.130026,0
FR027544,0.143316,0
FR022214,0.108809,0
FR025756,0.190542,0
FR031920,0.109542,0
FR028601,0.17552,0
FR022171,0.303876,0
FR020132,0.447069,0
FR022605,0.352215,0
FR026555,0.187298,0
FR027434,0.223838,0
FR031438,0.217411,0
FR027065,0.165242,0
FR028691,0.254128,0
FR031176,0.059369,0
FR021991,0.525978,0
FR020429,0.123106,0
FR021985,0.723254,1
FR026290,0.143119,0
FR022278,0.167427,0
FR025609,0.382194,0
FR028951,0.190239,0
FR026351,0.326133,0
FR022330,0.372485,0
FR027308,0.068084,0
FR029926,0.228909,0
FR020116,0.085721,0
FR027449,0.198852,0
FR023982,0.409244,0
FR023492,0.189642,0
FR021827,0.046267,0
FR023413,0.404139,0
FR025608,0.319122,0
FR027446,0.065349,0
FR022883,0.031199,0
FR030130,0.047233,0
FR024130,0.154028,0
FR029483,0.13133,0
FR029630,0.155294,0
FR024148,0.087518,0
FR021679,0.16932,0
FR024003,0.158592,0
FR022341,0.171367,0
FR022588,0.352109,0
FR022100,0.819139,1
FR020493,0.459187,0
FR025385,0.196171,0
FR020074,0.13148,0
FR030975,0.287117,0
FR020341,0.2694,0
FR029765,0.129457,0
FR023500,0.072072,0
FR026415,0.09507,0
FR023649,0.427053,0
FR030059,0.187736,0
FR028533,0.223173,0
FR020549,0.202752,0
FR022757,0.306407,0
FR020072,0.222288,0
FR022592,0.295251,0
FR025232,0.07094,0
FR026492,0.35905,0
FR030851,0.393247,0
FR027511,0.104616,0
FR024691,0.2853,0
FR021738,0.570886,1
FR020547,0.25548,0
FR024924,0.127433,0
FR027456,0.128627,0
FR020928,0.203471,0
FR021293,0.307028,0
FR023535,0.68565,1
FR021222,0.559007,1
FR027199,0.251533,0
FR024885,0.204137,0
FR022836,0.113758,0
FR027054,0.386244,0
FR022495,0.241836,0
FR031783,0.191762,0
FR031527,0.144061,0
FR030280,0.454392,0
FR024146,0.400423,0
FR029810,0.374373,0
FR022470,0.081156,0
FR020934,0.323004,0
FR026449,0.319213,0
FR031561,0.180174,0
FR029418,0.126599,0
FR021834,0.298139,0
FR021634,0.179077,0
FR030106,0.313323,0
FR030678,0.394322,0
FR030158,0.220125,0
FR030196,0.023896,0
FR028629,0.282992,0
FR020408,0.626243,1
FR020712,0.161248,0
FR029609,0.157551,0
FR024909,0.132186,0
FR028502,0.075976,0
FR030586,0.10646,0
FR020355,0.134736,0
FR020869,0.135003,0
FR029154,0.114234,0
FR027177,0.409261,0
FR024099,0.275906,0
FR024959,0.108388,0
FR020423,0.207275,0
FR020665,0.166333,0
FR022492,0.245047,0
FR025694,0.394663,0
FR030949,0.218638,0
FR021264,0.21704,0
FR027400,0.23389,0
FR024346,0.217096,0
FR027278,0.428451,0
FR020214,0.117145,0
FR030151,0.12008,0
FR027891,0.376423,0
FR028855,0.066704,0
FR029478,0.157558,0
FR020994,0.283354,0
FR030471,0.310205,0
FR031568,0.420213,0
FR027274,0.258397,0
FR026137,0.141771,0
FR028167,0.378569,0
FR023168,0.394563,0
FR029491,0.018428,0
FR029724,0.033533,0
FR020394,0.347948,0
FR022862,0.198234,0
FR031803,0.176539,0
FR022133,0.193,0
FR025310,0.026622,0
FR031638,0.12857,0
FR020858,0.389029,0
FR023059,0.46528,0
FR031346,0.205031,0
FR025673,0.155813,0
FR031549,0.25785,0
FR023425,0.276562,0
FR028029,0.066232,0
FR029961,0.731876,1
FR027181,0.374504,0
FR024999,0.109534,0
FR029351,0.276591,0
FR023593,0.088508,0
FR021675,0.340409,0
FR030835,0.302341,0
FR023290,0.178584,0
FR022081,0.084664,0
FR022127,0.327813,0
FR031312,0.216221,0
FR024803,0.250798,0
FR031599,0.214177,0
FR020369,0.097924,0
FR027277,0.214055,0
FR022740,0.192887,0
FR027047,0.029846,0
FR022994,0.229949,0
FR026754,0.306087,0
FR025523,0.11137,0
FR027371,0.093184,0
FR028634,0.40194,0
FR029665,0.549594,0
FR030152,0.109056,0
FR031192,0.34113,0
FR027048,0.290914,0
FR022798,0.282065,0
FR024007,0.133075,0
FR027341,0.071015,0
FR028850,0.416893,0
FR030878,0.189966,0
FR020231,0.133082,0
FR028205,0.298761,0
FR022205,0.239154,0
FR028799,0.321657,0
FR025578,0.272983,0
FR027237,0.232645,0
FR028552,0.193051,0
FR024980,0.425995,0
FR025488,0.128775,0
FR024922,0.581273,1
FR023532,0.135985,0
FR027236,0.142713,0
FR025334,0.128765,0
FR026263,0.274238,0
FR025026,0.121984,0
FR026913,0.42153,0
FR026188,0.370794,0
FR027061,0.240569,0
FR031713,0.163662,0
FR028765,0.119515,0
FR026279,0.118334,0
FR024386,0.162187,0
FR020596,0.447304,0
FR020046,0.431337,0
FR028238,0.024155,0
FR022117,0.241532,0
FR023700,0.231516,0
FR021455,0.17479,0
FR029064,0.148669,0
FR025027,0.158699,0
FR026669,0.190477,0
FR023507,0.201456,0
FR020221,0.149203,0
FR023190,0.158694,0
FR023478,0.274416,0
FR029047,0.152806,0
FR022759,0.416789,0
FR025886,0.114816,0
FR024672,0.708693,1
FR024514,0.161402,0
FR029166,0.172048,0
FR031066,0.221865,0
FR028142,0.061826,0
FR030723,0.474084,0
FR022713,0.179997,0
FR027189,0.187843,0
FR029779,0.932433,1
FR024542,0.210348,0
FR024994,0.181322,0
FR031067,0.17248,0
FR030410,0.08129,0
FR028483,0.086066,0
FR030654,0.29277,0
FR021433,0.064277,0
FR024087,0.092649,0
FR028732,0.357225,0
FR028504,0.347072,0
FR021240,0.680207,1
FR025721,0.157338,0
FR028608,0.339771,0
FR025370,0.202658,0
FR022082,0.529851,0
FR026189,0.025663,0
FR029643,0.085607,0
FR027945,0.206386,0
FR031090,0.119826,0
FR026716,0.293131,0
FR031320,0.055998,0
FR028914,0.133851,0
FR028526,0.026479,0
FR029190,0.228417,0
FR029295,0.271951,0
FR021378,0.130629,0
FR026235,0.196988,0
FR031997,0.074905,0
FR029758,0.307943,0
FR023487,0.63192,1
FR030857,0.113703,0
FR027981,0.092397,0
FR031095,0.419703,0
FR025681,0.388139,0
FR021464,0.311996,0
FR028908,0.125215,0
FR027179,0.418699,0
FR029521,0.081627,0
FR025268,0.223361,0
FR029687,0.340863,0
FR026286,0.25271,0
FR021144,0.691056,1
FR024767,0.170241,0
FR025008,0.238827,0
FR024470,0.188481,0
FR026507,0.456593,0
FR026858,0.367839,0
FR021684,0.071639,0
FR025633,0.017729,0
FR031863,0.111969,0
FR030931,0.106685,0
FR022979,0.111742,0
FR022735,0.171132,0
FR023578,0.300802,0
FR027289,0.154861,0
FR030056,0.130679,0
FR023732,0.08374,0
FR031574,0.748886,1
FR025563,0.1535,0
FR031315,0.161969,0
FR020561,0.185086,0
FR026393,0.097218,0
FR023933,0.213205,0
FR024740,0.183178,0
FR023138,0.294905,0
FR028539,0.210849,0
FR024201,0.37344,0
FR031695,0.1525,0
FR030505,0.173246,0
FR024071,0.125369,0
FR024861,0.254172,0
FR030100,0.131111,0
FR030730,0.141213,0
FR029874,0.100005,0
FR023339,0.198427,0
FR026864,0.031504,0
FR028591,0.092956,0
FR029334,0.125889,0
FR030645,0.163337,0
FR028440,0.31425,0
FR030430,0.233287,0
FR020098,0.136604,0
FR029057,0.084263,0
FR028739,0.138143,0
FR024525,0.282869,0
FR031929,0.328418,0
FR022473,0.065329,0
FR027180,0.233609,0
FR026956,0.371002,0
FR023052,0.124884,0
FR022578,0.220846,0
FR020066,0.152204,0
FR023029,0.260743,0
FR031805,0.421094,0
FR029775,0.411897,0
FR028783,0.10451,0
FR030707,0.188411,0
FR021121,0.421325,0
FR028838,0.216548,0
FR027323,0.372499,0
FR028652,0.214095,0
FR026714,0.119376,0
FR031042,0.349338,0
FR024709,0.253545,0
FR027836,0.158653,0
FR020318,0.138076,0
FR020570,0.283255,0
FR024038,0.282799,0
FR024136,0.21354,0
FR024046,0.153175,0
FR026192,0.139775,0
FR028079,0.131458,0
FR022344,0.32273,0
FR024424,0.05211,0
FR025839,0.324013,0
FR031764,0.069157,0
FR027773,0.259478,0
FR023810,0.437925,0
FR020105,0.253095,0
FR021490,0.275134,0
FR030162,0.133969,0
FR021659,0.217396,0
FR028217,0.331738,0
FR025867,0.315404,0
FR031689,0.413959,0
FR024714,0.137662,0
FR024783,0.083134,0
FR021902,0.230317,0
FR030450,0.12492,0
FR026095,0.185157,0
FR025771,0.192079,0
FR025382,0.188612,0
FR030244,0.173282,0
FR021929,0.186823,0
FR026566,0.455819,0
FR023459,0.100488,0
FR028435,0.36971,0
FR026191,0.15382,0
FR022356,0.188086,0
FR028690,0.151242,0
FR023524,0.14116,0
FR022137,0.214769,0
FR030561,0.147055,0
FR024112,0.129274,0
FR030188,0.417412,0
FR031873,0.252852,0
FR030605,0.174594,0
FR029465,0.450796,0
FR025391,0.206853,0
FR020818,0.137055,0
FR030765,0.407992,0
FR027035,0.096007,0
FR030684,0.085003,0
FR028458,0.078219,0
FR022299,0.244347,0
FR025443,0.103168,0
FR030972,0.118087,0
FR026664,0.266246,0
FR031959,0.198766,0
FR025410,0.328147,0
FR022469,0.139326,0
FR030882,0.12511,0
FR026963,0.091784,0
FR028566,0.274354,0
FR026509,0.032443,0
FR021461,0.088324,0
FR029254,0.429118,0
FR029938,0.436187,0
FR027737,0.475933,0
FR028032,0.225958,0
FR021364,0.289992,0
FR021493,0.46574,0
FR029776,0.34258,0
FR022219,0.247046,0
FR028261,0.1004,0
FR027748,0.377851,0
FR022483,0.28259,0
FR025751,0.267285,0
FR021145,0.110098,0
FR023685,0.29426,0
FR025445,0.069862,0
FR020536,0.112432,0
FR023995,0.119737,0
FR020909,0.142652,0
FR029184,0.09932,0
FR025467,0.098614,0
FR031883,0.109792,0
FR031932,0.748243,1
FR021657,0.125818,0
FR025204,0.341836,0
FR024698,0.32995,0
FR021616,0.255388,0
FR020256,0.142365,0
FR022922,0.175862,0
FR021700,0.277563,0
FR026541,0.248041,0
FR021964,0.149882,0
FR024484,0.207154,0
FR020556,0.23457,0
FR030796,0.330809,0
FR027888,0.277306,0
FR020798,0.177612,0
FR024446,0.176119,0
FR030685,0.079185,0
FR027078,0.105378,0
FR022425,0.190875,0
FR030947,0.059374,0
FR029852,0.340503,0
FR028555,0.299392,0
FR029732,0.153191,0
FR025767,0.271084,0
FR025329,0.294697,0
FR029492,0.251915,0
FR022789,0.107121,0
FR028031,0.13078,0
FR024805,0.271494,0
FR025119,0.26759,0
FR022620,0.560145,1
FR021471,0.277427,0
FR020475,0.212288,0
FR020576,0.11276,0
FR022774,0.313361,0
FR031785,0.04249,0
FR031800,0.230397,0
FR028112,0.314587,0
FR022676,0.149864,0
FR021619,0.104377,0
FR026597,0.183713,0
FR027889,0.21191,0
FR021496,0.319033,0
FR024172,0.145474,0
FR025746,0.397794,0
FR022178,0.25971,0
FR023118,0.188801,0
FR020751,0.211152,0
FR027103,0.227177,0
FR021507,0.206362,0
FR030827,0.183945,0
FR022551,0.248143,0
FR023913,0.169081,0
FR024334,0.057065,0
FR020431,0.33352,0
FR022292,0.129401,0
FR030036,0.19967,0
FR025220,0.318951,0
FR031750,0.149457,0
FR020740,0.089048,0
FR031626,0.14135,0
FR025649,0.098964,0
FR021276,0.131919,0
FR027879,0.231859,0
FR025453,0.20287,0
FR030999,0.103171,0
FR021558,0.30895,0
FR028361,0.332266,0
FR020705,0.14413,0
FR020070,0.351377,0
FR028040,0.058345,0
FR022664,0.116069,0
FR022863,0.166158,0
FR026836,0.4023,0
FR029111,0.165575,0
FR027208,0.310038,0
FR031079,0.171843,0
FR028454,0.142437,0
FR022527,0.187508,0
FR024852,0.339924,0
FR025647,0.099496,0
FR028340,0.253956,0
FR028544,0.203618,0
FR023486,0.049601,0
FR022652,0.413847,0
FR020281,0.414216,0
FR027704,0.102568,0
FR026874,0.347144,0
FR028039,0.338265,0
FR028203,0.218267,0
FR031439,0.452402,0
FR029563,0.304729,0
FR023725,0.22754,0
FR021993,0.202737,0
FR028136,0.141846,0
FR022497,0.19518,0
FR022704,0.055721,0
FR028119,0.116159,0
FR020845,0.079219,0
FR031554,0.213501,0
FR030087,0.069203,0
FR021813,0.166368,0
FR026725,0.181868,0
FR029389,0.164836,0
FR027732,0.209451,0
FR024078,0.256333,0
FR031915,0.044418,0
FR022051,0.104576,0
FR031212,0.167789,0
FR021904,0.103635,0
FR022833,0.343214,0
FR025561,0.089163,0
FR025550,0.648932,1
FR026841,0.09973,0
FR023673,0.261743,0
FR029893,0.580812,1
FR022607,0.01905,0
FR029879,0.306661,0
FR029179,0.173591,0
FR028776,0.225066,0
FR023854,0.075426,0
FR020644,0.168908,0
FR030801,0.225285,0
FR031860,0.171811,0
FR021482,0.112816,0
FR020733,0.030537,0
FR031898,0.098396,0
FR030012,0.139349,0
FR021106,0.297529,0
FR028218,0.129576,0
FR025568,0.204952,0
FR022991,0.388698,0
FR030351,0.139838,0
FR025088,0.152202,0
FR020742,0.070478,0
FR021346,0.215931,0
FR023706,0.114009,0
FR031579,0.151995,0
FR027461,0.424884,0
FR021383,0.288659,0
FR021965,0.247644,0
FR023823,0.094744,0
FR021919,0.14195,0
FR030803,0.091593,0
FR031313,0.076886,0
FR022733,0.348779,0
FR024455,0.225112,0
FR026102,0.621044,1
FR026887,0.306298,0
FR024903,0.19346,0
FR025154,0.189752,0
FR024419,0.100013,0
FR025853,0.171946,0
FR024608,0.240579,0
FR021003,0.176393,0
FR023552,0.150161,0
FR021852,0.168221,0
FR031890,0.124295,0
FR023465,0.078566,0
FR030075,0.314019,0
FR026295,0.109172,0
FR025734,0.112681,0
FR026752,0.328245,0
FR023565,0.291678,0
FR028379,0.321849,0
FR028481,0.133767,0
FR029043,0.331013,0
FR029667,0.471952,0
FR024067,0.172843,0
FR029750,0.146467,0
FR024262,0.071747,0
FR030227,0.294591,0
FR025397,0.470346,0
FR024968,0.089499,0
FR023789,0.164161,0
FR029178,0.303734,0
FR020918,0.453404,0
FR026921,0.329801,0
FR024626,0.203509,0
FR030479,0.803948,1
FR030810,0.124173,0
FR021268,0.160192,0
FR025079,0.424951,0
FR026080,0.123838,0
FR028265,0.182776,0
FR022528,0.026147,0
FR030269,0.157439,0
FR030017,0.215653,0
FR022542,0.162423,0
FR025959,0.491359,0
FR030937,0.100061,0
FR023383,0.080014,0
FR023262,0.401501,0
FR028942,0.258204,0
FR020852,0.167295,0
FR025712,0.155875,0
FR028464,0.248162,0
FR030480,0.085347,0
FR026599,0.42571,0
FR024722,0.095591,0
FR020145,0.146596,0
FR027320,0.121924,0
FR029944,0.487148,0
FR026058,0.056628,0
FR020780,0.602353,1
FR023381,0.11049,0
FR031137,0.18615,0
FR027120,0.306429,0
FR020744,0.494414,0
FR027167,0.308949,0
FR026856,0.309991,0
FR023564,0.444018,0
FR030602,0.087338,0
FR029673,0.110421,0
FR020312,0.16022,0
FR031279,0.238293,0
FR030015,0.222251,0
FR029377,0.197,0
FR030122,0.324253,0
FR026893,0.084924,0
FR024867,0.171285,0
FR022467,0.135081,0
FR027861,0.090684,0
FR021690,0.274033,0
FR023521,0.193442,0
FR028293,0.531983,0
FR031454,0.356288,0
FR030677,0.176122,0
FR027401,0.031173,0
FR027589,0.401525,0
FR031225,0.089509,0
FR028193,0.448519,0
FR028556,0.468676,0
FR028938,0.404565,0
FR027223,0.124154,0
FR024329,0.501384,0
FR030531,0.564105,1
FR026329,0.386116,0
FR029531,0.601943,1
FR020684,0.235193,0
FR021058,0.27486,0
FR028529,0.277185,0
FR022550,0.216205,0
FR028636,0.294637,0
FR030502,0.29131,0
FR025656,0.342134,0
FR029502,0.077573,0
FR030066,0.313665,0
FR022625,0.243306,0
FR030689,0.304674,0
FR023396,0.286827,0
FR027275,0.291242,0
FR028961,0.1148,0
FR028714,0.478368,0
FR028282,0.183377,0
FR027170,0.057513,0
FR028170,0.288617,0
FR029827,0.105276,0
FR022159,0.102376,0
FR021173,0.272728,0
FR027975,0.239531,0
FR020015,0.024518,0
FR027909,0.184293,0
FR029509,0.329324,0
FR031411,0.182848,0
FR030665,0.692651,1
FR030237,0.273712,0
FR022363,0.106123,0
FR026024,0.663129,1
FR022597,0.237587,0
FR021267,0.110681,0
FR023103,0.357614,0
FR029058,0.183434,0
FR026686,0.183659,0
FR020290,0.227661,0
FR027578,0.205919,0
FR025013,0.106359,0
FR027711,0.132003,0
FR030624,0.226808,0
FR027399,0.309471,0
FR030282,0.141986,0
FR024622,0.268782,0
FR022840,0.157073,0
FR026209,0.155927,0
FR020716,0.347827,0
FR028865,0.159732,0
FR022199,0.174899,0
FR028575,0.119018,0
FR021860,0.152805,0
FR026203,0.571569,1
FR020709,0.339574,0
FR023378,0.163641,0
FR025559,0.442236,0
FR026594,0.459568,0
FR031717,0.22149,0
FR021120,0.224786,0
FR025279,0.093114,0
FR031343,0.131167,0
FR022829,0.130977,0
FR029156,0.102805,0
FR028751,0.135977,0
FR026568,0.120417,0
FR022447,0.12414,0
FR028294,0.093209,0
FR022252,0.069191,0
FR028791,0.295978,0
FR030924,0.120339,0
FR021696,0.238548,0
FR026805,0.371228,0
FR026416,0.269209,0
FR023858,0.112486,0
FR024844,0.124414,0
FR020571,0.136871,0
FR026654,0.242885,0
FR031664,0.128076,0
FR020367,0.074112,0
FR020071,0.133993,0
FR029493,0.160764,0
FR022919,0.151374,0
FR027688,0.057683,0
FR024751,0.377482,0
FR023117,0.124213,0
FR021062,0.167046,0
FR020951,0.032448,0
FR020410,0.119991,0
FR031884,0.24456,0
FR026223,0.398971,0
FR026316,0.136363,0
FR025314,0.121877,0
FR021689,0.159988,0
FR023623,0.466589,0
FR030153,0.226326,0
FR029210,0.37866,0
FR028793,0.371662,0
FR020349,0.206567,0
FR024073,0.350737,0
FR024543,0.432962,0
FR026154,0.294085,0
FR031702,0.907988,1
FR029655,0.105719,0
FR026964,0.190425,0
FR026979,0.39459,0
FR030369,0.292582,0
FR028267,0.151766,0
FR021604,0.550571,0
FR029289,0.074512,0
FR031738,0.27174,0
FR022265,0.140375,0
FR021753,0.236064,0
FR027542,0.154309,0
FR022294,0.378997,0
FR024016,0.103354,0
FR021908,0.362405,0
FR021895,0.141958,0
FR028685,0.128094,0
FR031309,0.184214,0
FR026366,0.153685,0
FR028251,0.786717,1
FR022548,0.298324,0
FR030711,0.237084,0
FR020485,0.140301,0
FR028781,0.131825,0
FR023643,0.151942,0
FR020832,0.390112,0
FR030447,0.201503,0
FR028041,0.088862,0
FR020923,0.143992,0
FR031918,0.461015,0
FR030141,0.155363,0
FR024466,0.108529,0
FR026738,0.180648,0
FR031178,0.442192,0
FR020990,0.156981,0
FR031712,0.797447,1
FR031231,0.428252,0
FR029209,0.209711,0
FR027958,0.07991,0
FR022531,0.146534,0
FR030265,0.194092,0
FR024338,0.074308,0
FR030279,0.118183,0
FR023300,0.099818,0
FR029678,0.219898,0
FR031682,0.370282,0
FR027597,0.464087,0
FR022848,0.152179,0
FR021010,0.329852,0
FR030821,0.130388,0
FR028452,0.146534,0
FR025640,0.1947,0
FR023491,0.243525,0
FR027133,0.427032,0
FR021870,0.055643,0
FR024179,0.436483,0
FR025925,0.159866,0
FR031856,0.080622,0
FR030303,0.266111,0
FR023352,0.292898,0
FR030108,0.124138,0
FR030985,0.39667,0
FR023917,0.082314,0
FR027513,0.226101,0
FR025099,0.260126,0
FR021721,0.074001,0
FR030314,0.198351,0
FR025228,0.033181,0
FR030664,0.122111,0
FR029922,0.578897,1
FR021592,0.450807,0
FR025740,0.393218,0
FR023033,0.162862,0
FR025496,0.283265,0
FR029002,0.255857,0
FR025292,0.310524,0
FR024061,0.106589,0
FR031880,0.20424,0
FR030223,0.150857,0
FR021533,0.099267,0
FR030534,0.245228,0
FR027569,0.418911,0
FR024723,0.46364,0
FR024899,0.067834,0
FR030849,0.659244,1
FR029366,0.332307,0
FR030773,0.456591,0
FR023100,0.145119,0
FR028531,0.514571,0
FR030357,0.150278,0
FR024897,0.115881,0
FR031222,0.118219,0
FR023420,0.09843,0
FR024238,0.66042,1
FR024637,0.107788,0
FR025599,0.227862,0
FR031660,0.364268,0
FR030761,0.400033,0
FR031581,0.163889,0
FR029968,0.3974,0
FR029725,0.088792,0
FR026205,0.318955,0
FR023663,0.163026,0
FR029911,0.100347,0
FR023329,0.274939,0
FR031494,0.145605,0
FR025366,0.26349,0
FR022565,0.157037,0
FR029557,0.617465,1
FR031251,0.208671,0
FR025159,0.433871,0
FR030096,0.206436,0
FR023181,0.150442,0
FR031199,0.21099,0
FR029105,0.090217,0
FR024800,0.090084,0
FR025880,0.100877,0
FR020685,0.258257,0
FR026766,0.04812,0
FR030712,0.157628,0
FR027151,0.12159,0
FR024833,0.161131,0
FR022779,0.315675,0
FR020763,0.13523,0
FR023790,0.077254,0
FR025626,0.184903,0
FR025774,0.305936,0
FR024508,0.081329,0
FR031038,0.175848,0
FR020883,0.419773,0
FR025572,0.184424,0
FR029744,0.252029,0
FR028828,0.232904,0
FR025859,0.123459,0
FR021403,0.273011,0
FR023022,0.183134,0
FR028943,0.149706,0
FR027866,0.461837,0
FR023299,0.37951,0
FR031190,0.223456,0
FR029041,0.340185,0
FR024982,0.11817,0
FR021951,0.125267,0
FR020748,0.218852,0
FR024891,0.135068,0
FR025187,0.022729,0
FR026637,0.327776,0
FR028262,0.091486,0
FR028724,0.150556,0
FR029403,0.276563,0
FR023011,0.027825,0
FR031400,0.15274,0
FR029693,0.138952,0
FR025606,0.124883,0
FR020872,0.309497,0
FR027910,0.711047,1
FR021907,0.266516,0
FR026629,0.024639,0
FR023712,0.172044,0
FR022054,0.209005,0
FR027754,0.127873,0
FR020030,0.397001,0
FR029723,0.333875,0
FR021131,0.181515,0
FR020173,0.104231,0
FR021437,0.380571,0
FR021432,0.1676,0
FR026414,0.173015,0
FR021059,0.128053,0
FR021518,0.185367,0
FR020461,0.369531,0
FR024341,0.359345,0
FR020661,0.243321,0
FR020877,0.267885,0
FR022480,0.078773,0
FR026552,0.429373,0
FR024198,0.314493,0
FR025274,0.166945,0
FR026791,0.386378,0
FR020586,0.222911,0
FR028343,0.290203,0
FR024557,0.183789,0
FR031238,0.456346,0
FR023257,0.107345,0
FR031237,0.10111,0
FR022593,0.277821,0
FR021457,0.297348,0
FR031156,0.112573,0
FR021189,0.085259,0
FR024667,0.369695,0
FR026483,0.57798,1
FR027802,0.200417,0
FR031537,0.083504,0
FR020880,0.078961,0
FR025042,0.315328,0
FR029188,0.347322,0
FR031723,0.213883,0
FR025978,0.391694,0
FR026356,0.685726,1
FR022719,0.368795,0
FR021370,0.248731,0
FR026112,0.136716,0
FR023850,0.067369,0
FR023749,0.106336,0
FR030489,0.152231,0
FR020152,0.09713,0
FR027007,0.209073,0
FR026607,0.2456,0
FR028299,0.179327,0
FR022413,0.146271,0
FR020753,0.220456,0
FR028378,0.343463,0
FR030496,0.463464,0
FR021751,0.302488,0
FR028686,0.26149,0
FR021060,0.134956,0
FR024718,0.185611,0
FR023657,0.402385,0
FR031034,0.267992,0
FR021460,0.168008,0
FR024222,0.299317,0
FR029305,0.491696,0
FR020402,0.14533,0
FR029622,0.364173,0
FR024005,0.533238,0
FR027163,0.136799,0
FR029790,0.179634,0
FR021130,0.220475,0
FR022870,0.224695,0
FR029320,0.168852,0
FR028554,0.113381,0
FR020052,0.538681,0
FR026164,0.140133,0
FR021204,0.177315,0
FR020703,0.08542,0
FR022422,0.213381,0
FR021725,0.424113,0
FR023515,0.353531,0
FR020747,0.262582,0
FR030573,0.104416,0
FR030637,0.221347,0
FR025693,0.10619,0
FR025494,0.160513,0
FR029161,0.191789,0
FR021601,0.342387,0
FR030164,0.300188,0
FR031003,0.345802,0
FR021648,0.252079,0
FR023302,0.20003,0
FR027718,0.568965,1
FR026530,0.128311,0
FR020331,0.120698,0
FR029692,0.702942,1
FR031729,0.150411,0
FR025060,0.188263,0
FR031073,0.064627,0
FR027598,0.497535,0
FR027560,0.298937,0
FR030741,0.102431,0
FR020202,0.133581,0
FR023101,0.193157,0
FR020041,0.077656,0
FR027792,0.243579,0
FR025452,0.485311,0
FR022040,0.122775,0
FR023514,0.239791,0
FR024808,0.163592,0
FR029964,0.211111,0
FR026847,0.305436,0
FR025600,0.170783,0
FR027567,0.153616,0
FR025174,0.26636,0
FR020873,0.440799,0
FR026870,0.183094,0
FR027357,0.520144,0
FR026505,0.047918,0
FR021595,0.127485,0
FR028902,0.252976,0
FR025146,0.0991,0
FR024889,0.273158,0
FR024935,0.119628,0
FR027876,0.260567,0
FR031787,0.187694,0
FR030060,0.093392,0
FR027110,0.238462,0
FR030016,0.663866,1
FR031733,0.585983,1
FR029129,0.199915,0
FR029482,0.0918,0
FR021602,0.405832,0
FR025234,0.38126,0
FR021179,0.187613,0
FR020978,0.328673,0
FR030053,0.147924,0
FR028050,0.35258,0
FR029615,0.132262,0
FR024558,0.187468,0
FR026833,0.169788,0
FR028537,0.324037,0
FR022758,0.084983,0
FR024418,0.020284,0
FR023198,0.045656,0
FR022151,0.164966,0
FR030626,0.18716,0
FR027003,0.607449,1
FR029904,0.073539,0
FR028577,0.106313,0
FR023669,0.332434,0
FR021022,0.107791,0
FR028372,0.186628,0
FR022706,0.104344,0
FR028106,0.14209,0
FR031276,0.118277,0
FR024612,0.483181,0
FR027860,0.085272,0
FR029594,0.199568,0
FR023550,0.073951,0
FR026658,0.214722,0
FR023032,0.074978,0
FR023799,0.161783,0
FR023277,0.147238,0
FR021840,0.174843,0
FR025795,0.218786,0
FR030640,0.356669,0
FR028868,0.212877,0
FR022010,0.211867,0
FR026660,0.025826,0
FR026124,0.923046,1
FR030476,0.262077,0
FR031971,0.105555,0
FR031679,0.152469,0
FR028882,0.187454,0
FR022962,0.127815,0
FR027083,0.199762,0
FR024943,0.703471,1
FR025137,0.024656,0
FR026849,0.209961,0
FR031422,0.136593,0
FR021209,0.395213,0
FR022723,0.272823,0
FR027483,0.391033,0
FR027041,0.385453,0
FR023304,0.107071,0
FR023014,0.090473,0
FR021152,0.595421,1
FR025948,0.300035,0
FR023233,0.079448,0
FR030215,0.316402,0
FR031193,0.235208,0
FR024444,0.52113,0
FR029845,0.912204,1
FR024278,0.3608,0
FR020238,0.25722,0
FR020435,0.250921,0
FR027800,0.093351,0
FR022444,0.55424,0
FR022333,0.096276,0
FR027328,0.141861,0
FR029813,0.156697,0
FR020782,0.7937,1
FR026337,0.217678,0
FR030211,0.123874,0
FR025434,0.169572,0
FR024343,0.194469,0
FR027526,0.469089,0
FR028248,0.473399,0
FR028143,0.441504,0
FR020879,0.080469,0
FR020090,0.315827,0
FR022326,0.292885,0
FR027376,0.634734,1
FR026288,0.32496,0
FR031728,0.528461,0
FR031788,0.189073,0
FR023737,0.223982,0
FR022184,0.187906,0
FR026429,0.155954,0
FR024799,0.185486,0
FR023009,0.108304,0
FR025912,0.153397,0
FR030133,0.128302,0
FR025663,0.083556,0
FR025160,0.153252,0
FR028501,0.109536,0
FR025667,0.230871,0
FR031248,0.120243,0
FR030090,0.143637,0
FR025045,0.135417,0
FR026406,0.298457,0
FR024789,0.15788,0
FR020516,0.674471,1
FR020688,0.623385,1
FR027896,0.253483,0
FR026457,0.448863,0
FR023701,0.067555,0
FR029848,0.3326,0
FR020043,0.168152,0
FR029149,0.931363,1
FR023030,0.29355,0
FR024561,0.131975,0
FR021356,0.221434,0
FR026079,0.247746,0
FR023095,0.300437,0
FR023112,0.44723,0
FR028934,0.073576,0
FR021458,0.188995,0
FR029470,0.043004,0
FR022174,0.197255,0
FR020208,0.243743,0
FR025205,0.234037,0
FR027937,0.288333,0
FR020476,0.384213,0
FR026169,0.185225,0
FR029587,0.22443,0
FR027285,0.032034,0
FR027847,0.251618,0
FR021223,0.259899,0
FR028841,0.374456,0
FR026573,0.078501,0
FR020403,0.4962,0
FR020378,0.088811,0
FR030932,0.310649,0
FR027281,0.170159,0
FR028093,0.215863,0
FR030642,0.910348,1
FR022659,0.194872,0
FR030695,0.076438,0
FR023086,0.195372,0
FR025679,0.139642,0
FR025804,0.257097,0
FR029367,0.120625,0
FR026808,0.216234,0
FR029611,0.208119,0
FR020251,0.284637,0
FR026511,0.202536,0
FR025030,0.198734,0
FR023926,0.097695,0
FR031536,0.39875,0
FR031351,0.144518,0
FR021046,0.015218,0
FR028323,0.132057,0
FR030326,0.167453,0
FR030233,0.231578,0
FR025213,0.260127,0
FR024144,0.218004,0
FR024715,0.368484,0
FR031771,0.206785,0
FR027912,0.17204,0
FR031403,0.449968,0
FR027138,0.292275,0
FR031371,0.45469,0
FR030022,0.303684,0
FR028505,0.182416,0
FR023453,0.284159,0
FR030264,0.233215,0
FR020123,0.482483,0
FR031969,0.126389,0
FR027825,0.31082,0
FR031896,0.07934,0
FR031882,0.129979,0
FR021430,0.102166,0
FR021027,0.163236,0
FR027993,0.14312,0
FR022273,0.339531,0
FR022290,0.352391,0
FR022738,0.182139,0
FR022564,0.209516,0
FR028789,0.118711,0
FR020626,0.197815,0
FR022462,0.023611,0
FR021788,0.420251,0
FR026767,0.331936,0
FR031901,0.235983,0
FR031538,0.130481,0
FR029554,0.066861,0
FR031047,0.192118,0
FR020215,0.303841,0
FR023438,0.46792,0
FR026237,0.110003,0
FR024002,0.06894,0
FR021094,0.213804,0
FR029237,0.31101,0
FR024692,0.26637,0
FR027519,0.268601,0
FR030903,0.063523,0
FR028766,0.21545,0
FR031672,0.222365,0
FR030627,0.272682,0
FR027924,0.198001,0
FR022349,0.296656,0
FR025648,0.096705,0
FR024311,0.314572,0
FR031083,0.282677,0
FR021470,0.13726,0
FR023458,0.114144,0
FR022555,0.366083,0
FR024848,0.382253,0
FR028775,0.23434,0
FR022855,0.168365,0
FR027874,0.294304,0
FR020816,0.155082,0
FR023787,0.101581,0
FR028785,0.070627,0
FR028469,0.694029,1
FR031433,0.169293,0
FR026908,0.131373,0
FR020555,0.157947,0
FR027311,0.114936,0
FR029707,0.19283,0
FR020109,0.259612,0
FR030971,0.254044,0
FR027188,0.273773,0
FR026234,0.095647,0
FR031811,0.300773,0
FR028357,0.354082,0
FR020498,0.604276,1
FR031749,0.08363,0
FR024025,0.246103,0
FR027105,0.067345,0
FR024209,0.023559,0
FR031525,0.415179,0
FR031470,0.676887,1
FR031180,0.116134,0
FR024616,0.30989,0
FR028443,0.148122,0
FR022380,0.532719,0
FR023336,0.152178,0
FR023543,0.179125,0
FR028183,0.162871,0
FR020353,0.356945,0
FR024382,0.3695,0
FR029137,0.167493,0
FR026314,0.341858,0
FR025758,0.312955,0
FR024619,0.226654,0
FR026811,0.561342,1
FR030930,0.096255,0
FR021625,0.176752,0
FR025914,0.735813,1
FR020158,0.222705,0
FR022118,0.180937,0
FR022749,0.041497,0
FR031257,0.226171,0
FR028830,0.139426,0
FR024013,0.089212,0
FR025216,0.271438,0
FR029151,0.207614,0
FR020981,0.18199,0
FR028586,0.303598,0
FR023840,0.200264,0
FR025412,0.254604,0
FR030468,0.326349,0
FR023145,0.255304,0
FR022183,0.247845,0
FR023573,0.124268,0
FR025073,0.183669,0
FR029414,0.340682,0
FR024286,0.32454,0
FR028703,0.465302,0
FR030305,0.360204,0
FR027901,0.37717,0
FR029021,0.372701,0
FR024720,0.089532,0
FR028471,0.268964,0
FR028962,0.192805,0
FR021044,0.219209,0
FR021168,0.747399,1
FR023914,0.24519,0
FR026474,0.10002,0
FR024916,0.181541,0
FR031166,0.190705,0
FR022967,0.599052,1
FR031219,0.330675,0
FR025893,0.256027,0
FR021322,0.408052,0
FR026170,0.108476,0
FR025495,0.29781,0
FR025411,0.357397,0
FR023740,0.186536,0
FR025875,0.331222,0
FR028320,0.137386,0
FR029559,0.28274,0
FR024195,0.452509,0
FR022674,0.195708,0
FR027020,0.212708,0
FR030648,0.111758,0
FR022229,0.126031,0
FR028665,0.085384,0
FR027388,0.05994,0
FR026096,0.242215,0
FR031236,0.024426,0
FR025580,0.375028,0
FR022352,0.475986,0
FR028270,0.118063,0
FR025068,0.070896,0
FR020368,0.41801,0
FR025025,0.295471,0
FR030114,0.331738,0
FR022973,0.22615,0
FR028308,0.192382,0
FR022282,0.131047,0
FR025933,0.254536,0
FR023904,0.459268,0
FR028910,0.261748,0
FR026342,0.616323,1
FR020987,0.098608,0
FR028345,0.254032,0
FR031206,0.099932,0
FR021085,0.563414,1
FR029243,0.252529,0
FR028795,0.138133,0
FR027433,0.043654,0
FR022063,0.296738,0
FR031160,0.190608,0
FR024961,0.159407,0
FR026885,0.108195,0
FR029583,0.088376,0
FR031602,0.153003,0
FR020548,0.159936,0
FR030253,0.360968,0
FR026482,0.080609,0
FR029805,0.155706,0
FR026837,0.390836,0
FR024553,0.639011,1
FR025840,0.421347,0
FR027673,0.194447,0
FR023655,0.06768,0
FR027742,0.425703,0
FR026967,0.247836,0
FR020977,0.542193,0
FR031981,0.430074,0
FR024498,0.233439,0
FR028212,0.088533,0
FR023716,0.27268,0
FR021799,0.314819,0
FR023065,0.179741,0
FR025868,0.121253,0
FR026325,0.085318,0
FR023471,0.294887,0
FR025587,0.153679,0
FR024096,0.087138,0
FR021180,0.168049,0
FR026890,0.022935,0
FR020530,0.542962,0
FR030604,0.132345,0
FR025280,0.115503,0
FR023829,0.102581,0
FR026036,0.075188,0
FR024731,0.200211,0
FR031639,0.194154,0
FR023146,0.088386,0
FR027921,0.251061,0
FR031378,0.168134,0
FR027617,0.515329,0
FR025239,0.187825,0
FR028988,0.262176,0
FR026051,0.088923,0
FR020608,0.581212,1
FR025036,0.089236,0
FR020698,0.188569,0
FR025227,0.12645,0
FR025680,0.203347,0
FR021762,0.342142,0
FR022521,0.382181,0
FR021730,0.232474,0
FR024037,0.041291,0
FR031520,0.378887,0
FR022762,0.144675,0
FR025141,0.264827,0
FR029929,0.280284,0
FR031819,0.144904,0
FR023603,0.283369,0
FR020842,0.147575,0
FR024697,0.161616,0
FR022420,0.579859,1
FR029460,0.186918,0
FR020952,0.12398,0
FR029989,0.142812,0
FR024216,0.163801,0
FR030797,0.213672,0
FR020967,0.833658,1
FR021623,0.071503,0
FR026384,0.254093,0
FR022906,0.081211,0
FR021900,0.25029,0
FR028389,0.236784,0
FR023124,0.079489,0
FR031855,0.273737,0
FR023292,0.203663,0
FR031519,0.335013,0
FR025567,0.464273,0
FR026672,0.193465,0
FR029684,0.018768,0
FR025750,0.084946,0
FR022227,0.094308,0
FR020113,0.086561,0
FR025500,0.269054,0
FR020314,0.136736,0
FR021605,0.207766,0
FR021971,0.540827,0
FR021547,0.438914,0
FR029033,0.17394,0
FR026430,0.389742,0
FR021341,0.140253,0
FR028405,0.101314,0
FR023650,0.150023,0
FR029360,0.113243,0
FR029054,0.488053,0
FR028424,0.123501,0
FR024699,0.155004,0
FR024684,0.302972,0
FR025284,0.216397,0
FR023357,0.406158,0
FR026952,0.074702,0
FR021077,0.396226,0
FR029984,0.182674,0
FR026075,0.146599,0
FR024323,0.197715,0
FR025762,0.362023,0
FR028713,0.022246,0
FR024598,0.219507,0
FR028163,0.032685,0
FR024030,0.536397,0
FR023920,0.122704,0
FR023715,0.211228,0
FR025117,0.214159,0
FR024599,0.168427,0
FR023680,0.370255,0
FR028507,0.437897,0
FR022864,0.117432,0
FR025271,0.183734,0
FR024417,0.069906,0
FR025420,0.143165,0
FR030434,0.292341,0
FR022853,0.091793,0
FR023814,0.196913,0
FR023949,0.043056,0
FR031165,0.103483,0
FR029966,0.251043,0
FR030848,0.267638,0
FR021377,0.470708,0
FR030173,0.118913,0
FR024460,0.210631,0
FR023212,0.27801,0
FR026343,0.24348,0
FR031724,0.091861,0
FR022949,0.111351,0
FR023377,0.26153,0
FR029217,0.106226,0
FR031144,0.150562,0
FR027292,0.053548,0
FR030368,0.899284,1
FR021206,0.176968,0
FR023337,0.254681,0
FR020333,0.146409,0
FR026278,0.350144,0
FR022168,0.08699,0
FR027144,0.097973,0
FR025219,0.134679,0
FR026486,0.378164,0
FR029495,0.066387,0
FR020662,0.204539,0
FR028884,0.389517,0
FR025032,0.528538,0
FR025904,0.173727,0
FR023037,0.393319,0
FR029407,0.514286,0
FR027979,0.296751,0
FR026718,0.064807,0
FR029526,0.255068,0
FR027821,0.17146,0
FR030129,0.10082,0
FR022357,0.027659,0
FR027646,0.299705,0
FR022271,0.427832,0
FR021428,0.295624,0
FR021491,0.464938,0
FR027857,0.203244,0
FR020676,0.364718,0
FR029471,0.66951,1
FR028647,0.504102,0
FR023026,0.123376,0
FR024778,0.271532,0
FR028230,0.196227,0
FR020799,0.294832,0
FR030914,0.174963,0
FR026621,0.204583,0
FR024151,0.234869,0
FR021235,0.419822,0
FR024001,0.212809,0
FR029704,0.278066,0
FR024952,0.071525,0
FR026277,0.093493,0
FR022304,0.240362,0
FR026338,0.580845,1
FR029396,0.389236,0
FR030386,0.221764,0
FR021125,0.176696,0
FR025387,0.885148,1
FR029381,0.401827,0
FR023433,0.327734,0
FR023980,0.162624,0
FR021354,0.21946,0
FR027389,0.42196,0
FR028020,0.351404,0
FR031318,0.095098,0
FR026401,0.504457,0
FR030898,0.198738,0
FR024529,0.071523,0
FR026946,0.185996,0
FR023094,0.19338,0
FR023586,0.15977,0
FR028632,0.126908,0
FR020248,0.171201,0
FR026954,0.351454,0
FR020243,0.093435,0
FR025153,0.159426,0
FR028911,0.30987,0
FR029265,0.029944,0
FR024428,0.080558,0
FR030799,0.100805,0
FR031828,0.15415,0
FR026298,0.223755,0
FR026843,0.291512,0
FR022498,0.110158,0
FR021503,0.273412,0
FR031834,0.36207,0
FR030547,0.122279,0
FR024041,0.18961,0
FR022814,0.36248,0
FR023316,0.348596,0
FR030283,0.408698,0
FR028427,0.154141,0
FR026514,0.16938,0
FR020168,0.326718,0
FR021435,0.203065,0
FR021916,0.35314,0
FR027784,0.356256,0
FR029956,0.213535,0
FR024513,0.408243,0
FR020645,0.48501,0
FR031275,0.483461,0
FR022288,0.572372,1
FR027634,0.168692,0
FR030371,0.159574,0
FR020992,0.250221,0
FR020005,0.146787,0
FR031905,0.050673,0
FR029931,0.064996,0
FR024907,0.140077,0
FR023002,0.170594,0
FR029863,0.10507,0
FR031243,0.097896,0
FR021041,0.198023,0
FR026281,0.129142,0
FR024474,0.22844,0
FR020648,0.308466,0
FR024225,0.118849,0
FR028240,0.310463,0
FR030104,0.170697,0
FR024788,0.303873,0
FR031677,0.07023,0
FR023484,0.091074,0
FR022665,0.336558,0
FR020899,0.296258,0
FR027004,0.367659,0
FR029802,0.115201,0
FR021718,0.133048,0
FR021585,0.189687,0
FR025396,0.263798,0
FR025012,0.578828,1
FR023460,0.64505,1
FR024797,0.188424,0
FR021115,0.083878,0
FR031255,0.697516,1
FR029294,0.162769,0
FR030989,0.453473,0
FR023414,0.621943,1
FR027997,0.232527,0
FR023953,0.088952,0
FR025393,0.335714,0
FR031414,0.081761,0
FR020050,0.258671,0
FR024890,0.365354,0
FR023648,0.183601,0
FR031564,0.252323,0
FR030117,0.130867,0
FR027284,0.093291,0
FR021263,0.381822,0
FR030202,0.145543,0
FR027529,0.122708,0
FR031958,0.171662,0
FR027764,0.601439,1
FR021896,0.350768,0
FR021708,0.241905,0
FR025065,0.273087,0
FR025256,0.133823,0
FR028730,0.223504,0
FR024668,0.206595,0
FR023607,0.365347,0
FR026536,0.092307,0
FR025722,0.104994,0
FR023250,0.353307,0
FR025953,0.311767,0
FR029705,0.136308,0
FR022629,0.091851,0
FR021656,0.374034,0
FR022004,0.564061,1
FR026662,0.216886,0
FR031097,0.283243,0
FR030018,0.105978,0
FR020056,0.507424,0
FR020961,0.314504,0
FR020702,0.138673,0
FR030150,0.190518,0
FR031483,0.208715,0
FR024905,0.286885,0
FR029370,0.284179,0
FR031393,0.075663,0
FR022036,0.148183,0
FR030411,0.315779,0
FR030394,0.134482,0
FR026284,0.173971,0
FR025691,0.206089,0
FR031817,0.134907,0
FR026502,0.296207,0
FR020044,0.216979,0
FR023410,0.285839,0
FR022687,0.305482,0
FR023793,0.240775,0
FR024360,0.399345,0
FR022489,0.436079,0
FR030635,0.1288,0
FR024110,0.145018,0
FR021567,0.064265,0
FR028264,0.146432,0
FR031162,0.137155,0
FR025763,0.452293,0
FR031714,0.184902,0
FR027066,0.105913,0
FR021192,0.089485,0
FR029321,0.135514,0
FR024790,0.496878,0
FR024240,0.240326,0
FR028133,0.747772,1
FR029239,0.251941,0
FR023077,0.374011,0
FR029082,0.295743,0
FR020455,0.172968,0
FR023295,0.429043,0
FR027361,0.307363,0
FR023560,0.161701,0
FR021361,0.317966,0
FR029575,0.176904,0
FR027887,0.798583,1
FR024377,0.445097,0
FR031103,0.226189,0
FR031179,0.488482,0
FR020666,0.093254,0
FR020091,0.157584,0
FR024383,0.115118,0
FR022397,0.101938,0
FR023441,0.140861,0
FR031992,0.103391,0
FR029571,0.138789,0
FR028607,0.323468,0
FR025425,0.287041,0
FR029044,0.130102,0
FR021368,0.502709,0
FR027417,0.066482,0
FR028154,0.235354,0
FR023620,0.029521,0
FR029937,0.170405,0
FR023351,0.267756,0
FR023043,0.307456,0
FR024371,0.056074,0
FR031836,0.145044,0
FR023878,0.161696,0
FR029092,0.24914,0
FR028669,0.38804,0
FR022272,0.222593,0
FR020949,0.130023,0
FR021425,0.243733,0
FR030838,0.096413,0
FR024177,0.129676,0
FR022780,0.162026,0
FR020110,0.315064,0
FR030713,0.231176,0
FR025415,0.134849,0
FR029930,0.154582,0
FR021502,0.641689,1
FR023264,0.373836,0
FR030509,0.214262,0
FR027411,0.093928,0
FR023803,0.383634,0
FR025903,0.103307,0
FR023313,0.143061,0
FR026010,0.095108,0
FR026332,0.274735,0
FR030048,0.292312,0
FR026865,0.132483,0
FR022787,0.216311,0
FR029084,0.113307,0
FR029324,0.091799,0
FR024496,0.134822,0
FR026616,0.155782,0
FR027600,0.028955,0
FR021236,0.238586,0
FR021796,0.276881,0
FR020339,0.12423,0
FR026659,0.101601,0
FR026702,0.384838,0
FR023021,0.268361,0
FR027250,0.108501,0
FR030010,0.211743,0
FR030203,0.379163,0
FR025759,0.119188,0
FR020569,0.114597,0
FR024801,0.134427,0
FR027749,0.402189,0
FR030033,0.158501,0
FR031984,0.098165,0
FR031718,0.151188,0
FR020082,0.380365,0
FR023792,0.177224,0
FR021301,0.25856,0
FR030963,0.243043,0
FR028542,0.393609,0
FR028495,0.263742,0
FR026094,0.262657,0
FR024273,0.140761,0
FR025184,0.670015,1
FR021485,0.213453,0
FR030574,0.252625,0
FR031227,0.195034,0
FR023928,0.183005,0
FR020420,0.185984,0
FR023045,0.233892,0
FR022057,0.252335,0
FR026820,0.250331,0
FR030519,0.369729,0
FR021777,0.163459,0
FR025982,0.267179,0
FR022729,0.290838,0
FR021745,0.265393,0
FR027771,0.24639,0
FR025998,0.200876,0
FR021376,0.14847,0
FR024276,0.090157,0
FR021150,0.150638,0
FR027240,0.066404,0
FR026528,0.270414,0
FR023699,0.436629,0
FR025635,0.184945,0
FR023338,0.249183,0
FR021325,0.113121,0
FR029608,0.176982,0
FR030607,0.062607,0
FR030379,0.210072,0
FR029081,0.270484,0
FR030109,0.297789,0
FR028095,0.350231,0
FR030488,0.371987,0
FR030426,0.389445,0
FR020624,0.224323,0
FR028993,0.422767,0
FR027355,0.047646,0
FR021691,0.093624,0
FR030240,0.322029,0
FR022355,0.175096,0
FR025214,0.305932,0
FR030254,0.103662,0
FR022992,0.252029,0
FR020450,0.147573,0
FR020187,0.13218,0
FR031416,0.39362,0
FR024159,0.17127,0
FR025652,0.11079,0
FR028645,0.382601,0
FR022839,0.113689,0
FR023599,0.216481,0
FR026784,0.168726,0
FR028338,0.354457,0
FR029413,0.030475,0
FR026892,0.094014,0
FR020965,0.372631,0
FR024499,0.625621,1
FR024888,0.290873,0
FR029522,0.272502,0
FR028864,0.493056,0
FR023477,0.106846,0
FR021865,0.310486,0
FR020810,0.276592,0
FR031576,0.323135,0
FR022440,0.078598,0
FR020567,0.24406,0
FR027587,0.13444,0
FR028517,0.073036,0
FR027000,0.165053,0
FR024207,0.196085,0
FR020266,0.097483,0
FR031975,0.220659,0
FR021544,0.255038,0
FR021687,0.016412,0
FR023040,0.510161,0
FR023813,0.100134,0
FR020851,0.499265,0
FR027330,0.183357,0
FR031448,0.134538,0
FR031295,0.732149,1
FR024356,0.312633,0
FR025591,0.227586,0
FR028287,0.316499,0
FR024066,0.086268,0
FR026758,0.107331,0
FR030148,0.399431,0
FR030510,0.078424,0
FR021548,0.09884,0
FR025035,0.343644,0
FR024475,0.311852,0
FR029628,0.155963,0
FR023891,0.216355,0
FR027951,0.211605,0
FR031904,0.148315,0
FR024075,0.172608,0
FR030323,0.331427,0
FR027232,0.076816,0
FR021401,0.274734,0
FR031651,0.411541,0
FR029406,0.136997,0
FR025215,0.087732,0
FR026307,0.163862,0
FR023439,0.033361,0
FR025377,0.377839,0
FR026651,0.484751,0
FR031134,0.14125,0
FR029880,0.395131,0
FR030746,0.025393,0
FR028827,0.095838,0
FR027499,0.071238,0
FR031040,0.196773,0
FR026123,0.329571,0
FR030466,0.469893,0
FR026577,0.201872,0
FR024217,0.248921,0
FR021666,0.123253,0
FR023605,0.135903,0
FR024898,0.107119,0
FR024228,0.181373,0
FR021319,0.198593,0
FR021394,0.3093,0
FR030722,0.194113,0
FR026294,0.253269,0
FR023582,0.082361,0
FR022399,0.123324,0
FR023401,0.575122,1
FR029208,0.120176,0
FR023755,0.212275,0
FR022619,0.064884,0
FR030514,0.173487,0
FR025090,0.218345,0
FR023873,0.033858,0
FR027329,0.427851,0
FR027738,0.046525,0
FR030549,0.065917,0
FR020628,0.084049,0
FR028881,0.179052,0
FR026832,0.448928,0
FR025457,0.252859,0
FR024831,0.08746,0
FR026047,0.578543,1
FR031589,0.890582,1
FR027234,0.301141,0
FR028825,0.190263,0
FR027675,0.212058,0
FR028506,0.230014,0
FR025277,0.021807,0
FR030061,0.214574,0
FR021961,0.128131,0
FR031106,0.254272,0
FR029604,0.161592,0
FR025661,0.734982,1
FR026632,0.242313,0
FR029646,0.093462,0
FR027724,0.64965,1
FR021166,0.210988,0
FR030497,0.407133,0
FR021706,0.194118,0
FR029994,0.234818,0
FR029469,0.078823,0
FR021239,0.076193,0
FR025451,0.04239,0
FR029264,0.236836,0
FR025956,0.1083,0
FR026121,0.127276,0
FR030512,0.483334,0
FR029050,0.213552,0
FR030919,0.09452,0
FR023127,0.453621,0
FR021836,0.296052,0
FR020076,0.242668,0
FR026596,0.14243,0
FR028983,0.123233,0
FR020520,0.306861,0
FR024449,0.259672,0
FR029404,0.131939,0
FR025318,0.255481,0
FR022170,0.303502,0
FR026452,0.239817,0
FR029110,0.182255,0
FR025579,0.1123,0
FR025003,0.344375,0
FR020523,0.175675,0
FR031423,0.149313,0
FR029909,0.106094,0
FR030609,0.106822,0
FR028547,0.404409,0
FR029641,0.522984,0
FR027812,0.186852,0
FR026788,0.038737,0
FR022424,0.113475,0
FR026582,0.497456,0
FR026064,0.332585,0
FR021379,0.147761,0
FR022029,0.253244,0
FR031725,0.544817,0
FR030183,0.378398,0
FR021953,0.216157,0
FR026522,0.174627,0
FR031645,0.135804,0
FR025917,0.335903,0
FR027652,0.144943,0
FR029991,0.25714,0
FR020525,0.134976,0
FR031953,0.117922,0
FR024749,0.152931,0
FR029277,0.100506,0
FR022247,0.08806,0
FR029311,0.219636,0
FR031437,0.103448,0
FR031827,0.061976,0
FR023363,0.133554,0
FR029397,0.130164,0
FR026425,0.31366,0
FR030463,0.182785,0
FR020682,0.03151,0
FR030330,0.114659,0
FR021728,0.127573,0
FR030622,0.094206,0
FR025372,0.10861,0
FR028103,0.219982,0
FR028309,0.196844,0
FR031502,0.101422,0
FR029236,0.102199,0
FR029027,0.492215,0
FR024358,0.245491,0
FR022011,0.285576,0
FR023231,0.130889,0
FR025456,0.32671,0
FR022932,0.109625,0
FR021451,0.079349,0
FR026190,0.119037,0
FR022724,0.2767,0
FR028449,0.586421,1
FR028989,0.142426,0
FR020855,0.207147,0
FR024183,0.120864,0
FR028105,0.194446,0
FR027717,0.355707,0
FR022280,0.157938,0
FR027553,0.080069,0
FR029240,0.268258,0
FR026553,0.208795,0
FR021039,0.204283,0
FR027325,0.239873,0
FR028826,0.04788,0
FR020505,0.427439,0
FR025992,0.376532,0
FR022894,0.125895,0
FR024465,0.146684,0
FR026440,0.143771,0
FR027438,0.331429,0
FR021015,0.169202,0
FR023044,0.146801,0
FR026786,0.205883,0
FR026241,0.211218,0
FR020572,0.123279,0
FR027025,0.160791,0
FR026409,0.190669,0
FR025394,0.121161,0
FR023096,0.079337,0
FR021078,0.307248,0
FR030614,0.309318,0
FR031835,0.13178,0
FR023968,0.019812,0
FR027607,0.122584,0
FR023546,0.147794,0
FR023104,0.288278,0
FR026344,0.192599,0
FR028965,0.079012,0
FR025364,0.240031,0
FR022419,0.528715,0
FR026539,0.181993,0
FR028969,0.108451,0
FR020508,0.277647,0
FR022666,0.183721,0
FR026056,0.264569,0
FR020443,0.535211,0
FR026282,0.200964,0
FR028886,0.174765,0
FR025362,0.09313,0
FR028534,0.192134,0
FR025440,0.493716,0
FR022691,0.094732,0
FR029838,0.335649,0
FR025977,0.243146,0
FR027112,0.135135,0
FR022926,0.400475,0
FR026357,0.184108,0
FR030400,0.281321,0
FR025830,0.184025,0
FR031591,0.248744,0
FR028179,0.12459,0
FR023952,0.372644,0
FR029552,0.159009,0
FR026214,0.282151,0
FR021963,0.617143,1
FR020009,0.126827,0
FR020554,0.142541,0
FR022192,0.259982,0
FR030329,0.060267,0
FR020749,0.247169,0
FR025979,0.11458,0
FR024893,0.328195,0
FR027142,0.135651,0
FR027391,0.254046,0
FR024492,0.444515,0
FR021118,0.17088,0
FR025881,0.356323,0
FR031306,0.126074,0
FR025359,0.182931,0
FR023513,0.051874,0
FR024528,0.177503,0
FR023652,0.336376,0
FR027904,0.066894,0
FR028532,0.290819,0
FR025499,0.082359,0
FR031282,0.46355,0
FR028381,0.154128,0
FR024150,0.239615,0
FR028462,0.189158,0
FR025907,0.162349,0
FR024141,0.287304,0
FR026547,0.300307,0
FR029935,0.023024,0
FR028161,0.393101,0
FR028909,0.154699,0
FR023818,0.301658,0
FR021357,0.084645,0
FR031245,0.13163,0
FR030171,0.317944,0
FR028670,0.245719,0
FR023666,0.313548,0
FR030107,0.681681,1
FR021989,0.128708,0
FR023508,0.104312,0
FR027863,0.338716,0
FR022095,0.343381,0
FR024299,0.151214,0
FR027174,0.134925,0
FR030594,0.276038,0
FR029855,0.21081,0
FR030124,0.198705,0
FR023950,0.140864,0
FR020448,0.129573,0
FR021636,0.304372,0
FR022122,0.304913,0
FR022345,0.138061,0
FR030738,0.332452,0
FR020985,0.134398,0
FR022119,0.241311,0
FR023539,0.307045,0
FR027521,0.247797,0
FR022393,0.387358,0
FR023948,0.252286,0
FR027819,0.19185,0
FR022764,0.25196,0
FR028280,0.361271,0
FR020800,0.180385,0
FR027358,0.132461,0
FR021967,0.194502,0
FR029117,0.06956,0
FR024106,0.143508,0
FR027202,0.402438,0
FR022916,0.11299,0
FR021841,0.233489,0
FR024352,0.153592,0
FR025363,0.145532,0
FR029160,0.276959,0
FR026090,0.245317,0
FR028824,0.105741,0
FR020399,0.081988,0
FR025427,0.067526,0
FR020935,0.214558,0
FR026065,0.253697,0
FR029003,0.273808,0
FR024378,0.08882,0
FR031548,0.370277,0
FR022577,0.201621,0
FR031931,0.33625,0
FR023200,0.272787,0
FR026796,0.309634,0
FR029223,0.159927,0
FR022404,0.29923,0
FR023447,0.084601,0
FR030137,0.089532,0
FR025923,0.312493,0
FR025172,0.288745,0
FR029972,0.208515,0
FR027927,0.456009,0
FR030619,0.290283,0
FR024379,0.145711,0
FR030998,0.101095,0
FR027489,0.836122,1
FR026855,0.152551,0
FR025612,0.450054,0
FR026398,0.263131,0
FR021431,0.252798,0
FR027336,0.576673,1
FR024704,0.213782,0
FR026014,0.236829,0
FR026141,0.20641,0
FR027734,0.151575,0
FR025226,0.110996,0
FR025189,0.428514,0
FR023577,0.11341,0
FR030310,0.225945,0
FR031426,0.379374,0
FR028380,0.107986,0
FR031523,0.078971,0
FR030058,0.547767,0
FR021522,0.07308,0
FR026013,0.351021,0
FR020299,0.117791,0
FR028576,0.151236,0
FR025896,0.171073,0
FR022623,0.108393,0
FR022716,0.295077,0
FR031363,0.396412,0
FR023937,0.082307,0
FR027848,0.539263,0
FR022041,0.226355,0
FR028689,0.404967,0
FR030199,0.097991,0
FR022140,0.232139,0
FR029253,0.406364,0
FR030956,0.065525,0
FR022944,0.131861,0
FR027200,0.112387,0
FR025437,0.223035,0
FR022756,0.216308,0
FR024845,0.16458,0
FR023557,0.132713,0
FR025812,0.106015,0
FR025051,0.436027,0
FR025602,0.136574,0
FR026857,0.272487,0
FR025822,0.360959,0
FR028982,0.363093,0
FR031191,0.166715,0
FR031133,0.509969,0
FR021353,0.441893,0
FR021375,0.138821,0
FR025996,0.236854,0
FR027407,0.203548,0
FR028950,0.170555,0
FR030992,0.433973,0
FR025168,0.078422,0
FR031584,0.137925,0
FR020062,0.102163,0
FR030503,0.174975,0
FR024277,0.101801,0
FR028574,0.388866,0
FR021855,0.140093,0
FR021722,0.180001,0
FR029450,0.391798,0
FR029768,0.086346,0
FR026008,0.216945,0
FR024443,0.347186,0
FR022080,0.09884,0
FR027492,0.14674,0
FR024534,0.175062,0
FR031339,0.419312,0
FR029487,0.197192,0
FR021001,0.201941,0
FR020086,0.522446,0
FR020099,0.096512,0
FR031264,0.182033,0
FR023760,0.258757,0
FR030536,0.151347,0
FR024850,0.066121,0
FR030112,0.161061,0
FR020756,0.150956,0
FR023099,0.475367,0
FR021501,0.276045,0
FR020904,0.130335,0
FR028349,0.217271,0
FR020428,0.153754,0
FR021525,0.664209,1
FR027282,0.423718,0
FR024765,0.180206,0
FR027554,0.911214,1
FR031998,0.19782,0
FR028098,0.220151,0
FR020267,0.097945,0
FR025000,0.400554,0
FR020643,0.130553,0
FR029358,0.264668,0
FR029658,0.312337,0
FR031159,0.132732,0
FR020424,0.116472,0
FR022046,0.067829,0
FR025878,0.142476,0
FR020191,0.317615,0
FR024545,0.417968,0
FR020494,0.098359,0
FR020939,0.129121,0
FR023575,0.184325,0
FR021465,0.131628,0
FR025460,0.168335,0
FR030105,0.141926,0
FR031373,0.176362,0
FR023821,0.095245,0
FR028337,0.122712,0
FR021952,0.167456,0
FR026317,0.532062,0
FR024971,0.292574,0
FR023427,0.149149,0
FR023723,0.297203,0
FR022468,0.151167,0
FR027705,0.184044,0
FR027231,0.224553,0
FR031322,0.472365,0
FR027669,0.185,0
FR025672,0.150411,0
FR027403,0.257513,0
FR031573,0.403224,0
FR020308,0.556344,1
FR028076,0.241599,0
FR021515,0.071501,0
FR031181,0.161602,0
FR027468,0.276483,0
FR029198,0.175434,0
FR025968,0.161529,0
FR020857,0.327263,0
FR028408,0.297297,0
FR027608,0.316369,0
FR027766,0.360415,0
FR026324,0.283721,0
FR021442,0.401443,0
FR023559,0.414113,0
FR027244,0.167374,0
FR020812,0.159514,0
FR023589,0.253613,0
FR031806,0.26774,0
FR020663,0.111785,0
FR025197,0.717232,1
FR029998,0.262708,0
FR025289,0.240578,0
FR024786,0.070351,0
FR029385,0.173478,0
FR025885,0.044494,0
FR021473,0.249525,0
FR024328,0.091014,0
FR029598,0.200524,0
FR030855,0.108995,0
FR023972,0.171123,0
FR027687,0.239579,0
FR024814,0.117286,0
FR029017,0.147724,0
FR020036,0.104332,0
FR020363,0.126692,0
FR020887,0.164212,0
FR025037,0.260929,0
FR021532,0.202844,0
FR027440,0.375887,0
FR021576,0.167486,0
FR030667,0.481243,0
FR021658,0.695496,1
FR024495,0.125871,0
FR031383,0.138226,0
FR024576,0.252999,0
FR023028,0.153178,0
FR023172,0.341668,0
FR025973,0.107346,0
FR031739,0.23191,0
FR026980,0.239848,0
FR030045,0.353317,0
FR021676,0.294027,0
FR026389,0.350381,0
FR030559,0.160115,0
FR025368,0.220116,0
FR024937,0.14356,0
FR022067,0.18015,0
FR021326,0.261385,0
FR023071,0.200241,0
FR024544,0.311647,0
FR027374,0.273391,0
FR020069,0.464484,0
FR022590,0.153372,0
FR028545,0.287756,0
FR025305,0.141379,0
FR023001,0.175952,0
FR027788,0.155174,0
FR031857,0.309714,0
FR028160,0.324493,0
FR027961,0.284881,0
FR023985,0.173665,0
FR021647,0.302219,0
FR028318,0.23749,0
FR021245,0.216142,0
FR028006,0.276109,0
FR026872,0.193373,0
FR020064,0.19818,0
FR021449,0.287928,0
FR027763,0.762762,1
FR023312,0.077857,0
FR030674,0.224086,0
FR020254,0.249339,0
FR022216,0.18837,0
FR022315,0.103195,0
FR023791,0.284221,0
FR030854,0.123234,0
FR023317,0.196663,0
FR023288,0.290285,0
FR021680,0.115586,0
FR030807,0.193497,0
FR026633,0.141761,0
FR024721,0.483868,0
FR022940,0.298678,0
FR027700,0.095853,0
FR023165,0.101312,0
FR030565,0.362447,0
FR026861,0.61646,1
FR021712,0.057986,0
FR030568,0.172717,0
FR030417,0.432186,0
FR029218,0.086324,0
FR021790,0.109425,0
FR020690,0.224385,0
FR030694,0.80106,1
FR020820,0.282443,0
FR027601,0.298846,0
FR030128,0.341822,0
FR024693,0.136835,0
FR029939,0.207197,0
FR023036,0.332208,0
FR021717,0.53798,0
FR026917,0.051756,0
FR028009,0.139454,0
FR022431,0.108213,0
FR025211,0.118287,0
FR026054,0.234398,0
FR027430,0.415965,0
FR020484,0.443657,0
FR022624,0.414612,0
FR029109,0.165776,0
FR027334,0.285706,0
FR027160,0.234872,0
FR029355,0.241037,0
FR029299,0.033364,0
FR029728,0.28778,0
FR027073,0.634654,1
FR023280,0.133173,0
FR026513,0.129276,0
FR027579,0.103431,0
FR022793,0.118793,0
FR029649,0.356303,0
FR021599,0.297628,0
FR028221,0.091466,0
FR028363,0.182411,0
FR031314,0.156687,0
FR030793,0.028214,0
FR022635,0.219837,0
FR028719,0.368557,0
FR022295,0.165455,0
FR023016,0.143592,0
FR021655,0.322106,0
FR027531,0.110241,0
FR022536,0.183885,0
FR021284,0.195532,0
FR026432,0.039573,0
FR030070,0.165778,0
FR020720,0.238702,0
FR026231,0.138071,0
FR028729,0.247137,0
FR021714,0.104663,0
FR020941,0.16673,0
FR025406,0.43431,0
FR027349,0.42632,0
FR024374,0.207463,0
FR029731,0.230427,0
FR024053,0.258996,0
FR031974,0.021373,0
FR022320,0.313775,0
FR031158,0.146348,0
FR031772,0.168965,0
FR026081,0.13317,0
FR030276,0.224912,0
FR026853,0.096015,0
FR022504,0.105505,0
FR029169,0.178082,0
FR022003,0.264979,0
FR024650,0.084983,0
FR025569,0.109426,0
FR025202,0.224472,0
FR028968,0.327445,0
FR026063,0.303113,0
FR027111,0.271941,0
FR020051,0.197389,0
FR020728,0.382089,0
FR025780,0.067958,0
FR029353,0.253659,0
FR029214,0.169773,0
FR026453,0.079125,0
FR027577,0.126236,0
FR024851,0.650877,1
FR030748,0.249259,0
FR024284,0.232287,0
FR023667,0.180518,0
FR024601,0.331642,0
FR027335,0.337195,0
FR026845,0.35646,0
FR028442,0.11711,0
FR020400,0.112119,0
FR020940,0.217007,0
FR023235,0.201727,0
FR029365,0.462815,0
FR026737,0.144938,0
FR020346,0.120534,0
FR024675,0.536269,0
FR026353,0.092329,0
FR022610,0.165336,0
FR028926,0.127051,0
FR030915,0.112315,0
FR023283,0.183241,0
FR020458,0.475469,0
FR025384,0.197795,0
FR024647,0.410371,0
FR021912,0.13462,0
FR026222,0.352921,0
FR022739,0.252577,0
FR026951,0.10224,0
FR029626,0.108281,0
FR030704,0.136096,0
FR031658,0.091797,0
FR021229,0.320852,0
FR023681,0.266824,0
FR029096,0.624195,1
FR023194,0.149741,0
FR020784,0.575062,1
FR023516,0.372024,0
FR029619,0.275011,0
FR028849,0.115276,0
FR029960,0.529395,0
FR022088,0.35319,0
FR029000,0.112501,0
FR023812,0.204096,0
FR027803,0.365629,0
FR023842,0.479043,0
FR028903,0.13759,0
FR025432,0.117327,0
FR023872,0.459004,0
FR031770,0.275896,0
FR027253,0.127097,0
FR026110,0.343088,0
FR020118,0.105648,0
FR023344,0.236186,0
FR021750,0.115249,0
FR029787,0.386061,0
FR026441,0.277722,0
FR024967,0.542569,0
FR020817,0.896879,1
FR029480,0.193141,0
FR031444,0.157561,0
FR028049,0.325142,0
FR021300,0.121238,0
FR020141,0.473713,0
FR020241,0.266173,0
FR023334,0.19782,0
FR021927,0.212652,0
FR027398,0.11339,0
FR028096,0.315264,0
FR021987,0.15889,0
FR025614,0.095513,0
FR024476,0.153929,0
FR021332,0.077615,0
FR024034,0.242086,0
FR028157,0.062374,0
FR021304,0.385568,0
FR027034,0.121022,0
FR021791,0.315877,0
FR028807,0.099829,0
FR024941,0.219672,0
FR027536,0.239817,0
FR020112,0.067473,0
FR020122,0.05176,0
FR028803,0.088711,0
FR027094,0.310213,0
FR021408,0.440954,0
FR024688,0.120937,0
FR022262,0.925568,1
FR028790,0.228178,0
FR031593,0.205838,0
FR031394,0.114523,0
FR022068,0.403546,0
FR029586,0.093028,0
FR024630,0.212438,0
FR022714,0.451933,0
FR026049,0.449005,0
FR022172,0.078551,0
FR026244,0.329004,0
FR025818,0.32208,0
FR024945,0.449035,0
FR021132,0.139877,0
FR029005,0.066793,0
FR030077,0.341409,0
FR023783,0.248665,0
FR026219,0.246765,0
FR028837,0.122903,0
FR026969,0.05722,0
FR030902,0.130936,0
FR026835,0.092606,0
FR026797,0.265145,0
FR031475,0.233736,0
FR025112,0.458063,0
FR030287,0.253486,0
FR022372,0.113369,0
FR023628,0.163073,0
FR027420,0.234524,0
FR027365,0.411094,0
FR025546,0.230215,0
FR021296,0.080329,0
FR025898,0.250247,0
FR021956,0.373406,0
FR023034,0.147187,0
FR029541,0.099687,0
FR022831,0.12734,0
FR028321,0.040141,0
FR024785,0.351366,0
FR026972,0.17713,0
FR028036,0.067382,0
FR024054,0.166266,0
FR031311,0.310706,0
FR027592,0.03889,0
FR029898,0.73005,1
FR028614,0.068239,0
FR028182,0.298622,0
FR027677,0.031221,0
FR031688,0.11972,0
FR026472,0.34039,0
FR029885,0.117771,0
FR021885,0.327207,0
FR027464,0.022626,0
FR020914,0.093638,0
FR028291,0.096861,0
FR027973,0.138843,0
FR024064,0.277843,0
FR028466,0.29466,0
FR030023,0.234528,0
FR025675,0.068001,0
FR020724,0.257533,0
FR024965,0.062823,0
FR021832,0.100125,0
FR027074,0.199473,0
FR025316,0.377501,0
FR026377,0.146038,0
FR027410,0.125072,0
FR030652,0.148592,0
FR024113,0.322485,0
FR025055,0.115691,0
FR027425,0.167192,0
FR025513,0.919472,1
FR028535,0.133762,0
FR023797,0.228415,0
FR026960,0.199661,0
FR028905,0.531724,0
FR026267,0.098501,0
FR020198,0.356368,0
FR028115,0.096771,0
FR021760,0.325124,0
FR025161,0.264877,0
FR023856,0.128605,0
FR020011,0.116688,0
FR023630,0.111579,0
FR030304,0.363981,0
FR025723,0.711751,1
FR026368,0.161917,0
FR025436,0.157182,0
FR021876,0.140377,0
FR029296,0.206492,0
FR023238,0.357042,0
FR028168,0.292711,0
FR026869,0.100937,0
FR024857,0.21887,0
FR027900,0.219628,0
FR022507,0.591174,1
FR025222,0.059195,0
FR028642,0.036669,0
FR030195,0.434213,0
FR022049,0.415235,0
FR027908,0.238361,0
FR023910,0.110756,0
FR022163,0.312523,0
FR029861,0.21367,0
FR024665,0.648371,1
FR022510,0.058635,0
FR030772,0.344829,0
FR024160,0.249869,0
FR031611,0.2019,0
FR027840,0.098426,0
FR020315,0.870503,1
FR022109,0.172995,0
FR020004,0.102085,0
FR027563,0.895043,1
FR020678,0.447483,0
FR031317,0.161315,0
FR030433,0.382797,0
FR025181,0.139308,0
FR028149,0.407377,0
FR025622,0.190156,0
FR028847,0.484436,0
FR023853,0.068231,0
FR024747,0.754035,1
FR024527,0.152295,0
FR025449,0.702194,1
FR021596,0.107018,0
FR025981,0.080004,0
FR031585,0.128297,0
FR024440,0.341909,0
FR031872,0.201922,0
FR027366,0.099514,0
FR030008,0.366161,0
FR021651,0.099377,0
FR022258,0.512615,0
FR024063,0.157858,0
FR026700,0.21188,0
FR024741,0.389133,0
FR029618,0.135756,0
FR026085,0.186979,0
FR025709,0.296209,0
FR030540,0.487003,0
FR021873,0.018782,0
FR023495,0.116441,0
FR029250,0.069496,0
FR026609,0.296201,0
FR024048,0.237171,0
FR026247,0.222681,0
FR022321,0.069386,0
FR027772,0.194062,0
FR027811,0.376587,0
FR021635,0.321391,0
FR027342,0.25606,0
FR025510,0.167122,0
FR028654,0.153214,0
FR026564,0.093955,0
FR020671,0.183975,0
FR024878,0.038602,0
FR027369,0.241737,0
FR028836,0.228786,0
FR029679,0.120712,0
FR025188,0.133682,0
FR030001,0.13311,0
FR030064,0.159077,0
FR030623,0.132642,0
FR025431,0.103358,0
FR024145,0.098484,0
FR028787,0.064313,0
FR029946,0.210621,0
FR024989,0.20985,0
FR026226,0.025386,0
FR030169,0.141561,0
FR028344,0.08821,0
FR023627,0.019672,0
FR026510,0.449806,0
FR024304,0.327467,0
FR030370,0.146519,0
FR021915,0.207316,0
FR022411,0.380284,0
FR020216,0.141831,0
FR024960,0.212048,0
FR025833,0.151035,0
FR022156,0.327303,0
FR025321,0.269803,0
FR029031,0.238134,0
FR024260,0.563326,1
FR023906,0.155511,0
FR020024,0.274816,0
FR024780,0.106096,0
FR024551,0.416163,0
FR020542,0.279184,0
FR031048,0.11108,0
FR025450,0.195087,0
FR027865,0.076039,0
FR025994,0.628012,1
FR029165,0.196446,0
FR027639,0.162381,0
FR023965,0.347593,0
FR028848,0.55297,0
FR027313,0.206714,0
FR031681,0.62351,1
FR028692,0.135284,0
FR023704,0.298172,0
FR024951,0.256937,0
FR021866,0.208213,0
FR022415,0.266087,0
FR021497,0.387981,0
FR028153,0.234387,0
FR022442,0.300201,0
FR030268,0.100046,0
FR031616,0.13054,0
FR023323,0.141636,0
FR027096,0.160246,0
FR026600,0.072534,0
FR026044,0.314716,0
FR027037,0.318215,0
FR020911,0.278202,0
FR024310,0.297283,0
FR027777,0.126031,0
FR026751,0.348119,0
FR028259,0.204295,0
FR027929,0.520651,0
FR027851,0.050381,0
FR026039,0.480663,0
FR028565,0.252391,0
FR030241,0.888922,1
FR029573,0.10164,0
FR029534,0.186608,0
FR023206,0.706995,1
FR026101,0.288262,0
FR022150,0.131741,0
FR023209,0.21075,0
FR028439,0.245033,0
FR027745,0.132978,0
FR029562,0.210295,0
FR026083,0.115261,0
FR030908,0.353061,0
FR024189,0.102797,0
FR029322,0.281898,0
FR023827,0.240112,0
FR020228,0.23095,0
FR031041,0.2197,0
FR026925,0.144399,0
FR031582,0.158609,0
FR021307,0.271284,0
FR031656,0.027281,0
FR028493,0.112307,0
FR020745,0.190351,0
FR022752,0.071178,0
FR031914,0.11522,0
FR020239,0.61117,1
FR026563,0.192198,0
FR021251,0.132274,0
FR023832,0.169173,0
FR020169,0.272241,0
FR022327,0.320348,0
FR026069,0.407366,0
FR020667,0.470216,0
FR028181,0.471044,0
FR028229,0.258016,0
FR025791,0.555898,1
FR025841,0.134875,0
FR026113,0.098422,0
FR020589,0.224417,0
FR030790,0.378819,0
FR030990,0.374996,0
FR029436,0.187022,0
FR030252,0.13527,0
FR023756,0.27698,0
FR031213,0.479656,0
FR024752,0.438228,0
FR031735,0.391976,0
FR027752,0.229838,0
FR031068,0.18869,0
FR024169,0.324118,0
FR022696,0.120624,0
FR029582,0.165263,0
FR031209,0.419694,0
FR022566,0.162367,0
FR020779,0.580933,1
FR021645,0.227676,0
FR024569,0.191201,0
FR029974,0.092982,0
FR029537,0.15932,0
FR026376,0.283642,0
FR027084,0.568415,1
FR026097,0.281478,0
FR028916,0.831976,1
FR020630,0.194746,0
FR027864,0.280467,0
FR028001,0.075956,0
FR023068,0.228564,0
FR029749,0.13266,0
FR021823,0.108837,0
FR028433,0.383903,0
FR025077,0.733241,1
FR026213,0.133396,0
FR023754,0.333924,0
FR021892,0.240146,0
FR029207,0.399376,0
FR028062,0.201939,0
FR022261,0.018883,0
FR024290,0.227884,0
FR025782,0.171334,0
FR021149,0.149719,0
FR027566,0.534571,0
FR031789,0.149121,0
FR024040,0.099684,0
FR031951,0.162522,0
FR030928,0.120767,0
FR030621,0.606825,1
FR030051,0.072196,0
FR022788,0.194309,0
FR026760,0.117993,0
FR031572,0.097808,0
FR031824,0.020902,0
FR027541,0.015669,0
FR022491,0.316046,0
FR020042,0.264588,0
FR030716,0.408506,0
FR025535,0.224267,0
FR028470,0.240592,0
FR022727,0.186132,0
FR031560,0.28943,0
FR029157,0.119812,0
FR021674,0.044505,0
FR023141,0.175618,0
FR026139,0.14597,0
FR025697,0.266476,0
FR027195,0.575274,1
FR024438,0.564147,1
FR023961,0.350134,0
FR031786,0.166253,0
FR023626,0.186379,0
FR027907,0.429987,0
FR029464,0.117501,0
FR030734,0.104201,0
FR027650,0.159943,0
FR028543,0.416694,0
FR021093,0.166695,0
FR030721,0.24741,0
FR026336,0.040947,0
FR028931,0.117216,0
FR030243,0.423527,0
FR024957,0.12322,0
FR031135,0.066347,0
FR021996,0.17762,0
FR021588,0.414492,0
FR027367,0.178175,0
FR022677,0.089292,0
FR021631,0.143139,0
FR022203,0.131022,0
FR030839,0.462671,0
FR027445,0.171193,0
FR021040,0.204105,0
FR028891,0.372358,0
FR027517,0.297342,0
FR031833,0.107042,0
FR027409,0.26093,0
